id,formula,reduced_formula,elements,n_elements,temperature,duration_hours,heating_rate,cooling_method,density,crystal_system,space_group,bandgap,bandgap_type,formation_energy,decomposition_energy,categories,safety_flags,tier_score
B2Cu5Nd1Ni8Sr2,B2Cu5Nd1Ni8Sr2,Sr2NdCu5(Ni4B)2,B; Ni; Cu; Sr; Nd,5,1200,4,,natural,73334.0,orthorhombic,Cmmm,0.0032,semiconductor,-258.0,-212.0,tension-capable; thermal-mass,"Nickel — dust inhalation risk, skin sensitizer.",1
Nb8S16Zr2,Nb8S16Zr2,Zr(NbS2)4,S; Zr; Nb,3,800,2,,natural,46945.0,hexagonal,P6_3/mmc,,semiconductor,-15563.0,-487.0,thermal-mass,[],1
Ca1La6O3Si8Y3,Ca1La6O3Si8Y3,CaLa6Y3Si8O3,O; Si; Ca; Y; La,5,1200,4,,natural,51284.0,orthorhombic,Amm2,0.0032,semiconductor,-15173.0,-274.0,compression-strong; thermal-mass; refractory,[],2
C12Fe2Nd6Ti2,C12Fe2Nd6Ti2,Nd3TiFeC6,C; Ti; Fe; Nd,4,1200,2,10,natural,63956.0,hexagonal,P6_3/m,0.0077,semiconductor,-3276.0,-662.0,tension-capable; thermal-mass; refractory,[],1
C18Fe12Y11,C18Fe12Y11,Y11(Fe2C3)6,C; Fe; Y,3,150,2,,natural,58785.0,cubic,I-43m,,semiconductor,-296.0,-586.0,thermal-mass,[],1
Co1Mo2Ti8,Co1Mo2Ti8,Ti8CoMo2,Ti; Co; Mo,3,1200,2,,natural,59546.0,monoclinic,C2/m,0.0024,semiconductor,-1224.0,-9.0,tension-capable; thermal-mass; refractory,Cobalt — dust inhalation risk. Common in blue glazes.,0
Bi4Co4Nd20Sn4,Bi4Co4Nd20Sn4,Nd5CoSnBi,Co; Sn; Nd; Bi,4,800,2,,natural,76855.0,triclinic,P1,0.0013,semiconductor,-5266.0,-98.0,tension-capable; thermal-mass,Cobalt — dust inhalation risk. Common in blue glazes.,1
Bi4La1O14Y3,Bi4La1O14Y3,LaY3(Bi2O7)2,O; Y; La; Bi,4,800,4,,natural,72757.0,triclinic,P1,,semiconductor,-2655.0,-552.0,thermal-mass,[],2
Ba2Fe4Mn8O24,Ba2Fe4Mn8O24,BaMn4(FeO6)2,O; Mn; Fe; Ba,4,900,2,,natural,49058.0,triclinic,P1,0.5316,semiconductor,-19929.0,-205.0,thermal-mass; colored-decorative; electrically-functional,Manganese — dust inhalation risk at high temps.; Barium — soluble barium compounds toxic; BaSO₄/BaCO₃ safer in glazes.,0
La2Mo2Nd2O20Se4,La2Mo2Nd2O20Se4,LaNdMo(SeO5)2,O; Se; Mo; La; Nd,5,800,4,10,natural,50128.0,triclinic,P1,3.323,semiconductor,-24551.0,-184.0,thermal-mass; translucent-potential; colored-decorative; electrically-functional,Selenium — fumes toxic; good ventilation required.,3
P1Pb6S1Y10,P1Pb6S1Y10,Y10PPb6S,P; S; Y; Pb,4,800,2,,natural,73993.0,trigonal,P-31m,0.0196,semiconductor,-9486.0,-727.0,thermal-mass,"Lead — requires PPE, ventilation. Traditional in glazes.",2
La8Sn6Y2,La8Sn6Y2,La4YSn3,Y; Sn; La,3,1000,2,,natural,65652.0,tetragonal,I4/mcm,0.0009,semiconductor,-7302.0,-125.0,thermal-mass,[],2
Ba3La1O24Sr4Ti8,Ba3La1O24Sr4Ti8,Ba3Sr4LaTi8O24,O; Ti; Sr; Ba; La,5,1200,4,5,natural,54927.0,tetragonal,P4/mmm,0.0066,semiconductor,-35544.0,-99.0,compression-strong; thermal-mass; refractory,Barium — soluble barium compounds toxic; BaSO₄/BaCO₃ safer in glazes.,1
Bi2Ce2Co2Sb2,Bi2Ce2Co2Sb2,CeCoBiSb,Co; Sb; Ce; Bi,4,1000,2,,natural,9133.0,tetragonal,P4/nmm,0.0011,semiconductor,-6072.0,-224.0,thermal-mass,Cobalt — dust inhalation risk. Common in blue glazes.,1
La6Nd8Ni6,La6Nd8Ni6,La3Nd4Ni3,Ni; La; Nd,3,1200,2,,natural,6985.0,monoclinic,Cm,0.0024,semiconductor,-2115.0,-12.0,thermal-mass,"Nickel — dust inhalation risk, skin sensitizer.",2
O13Pb4W3Y1,O13Pb4W3Y1,YPb4W3O13,O; Y; W; Pb,4,1200,4,,natural,87898.0,trigonal,R3m,,semiconductor,-21881.0,-164.0,thermal-mass; refractory,"Lead — requires PPE, ventilation. Traditional in glazes.",2
Fe7Ni13P13Zr6,Fe7Ni13P13Zr6,Zr6Fe7(NiP)13,P; Fe; Ni; Zr,4,1200,2,,natural,71631.0,monoclinic,Pm,inf,semiconductor,-8776.0,-191.0,thermal-mass; translucent-potential; refractory,"Nickel — dust inhalation risk, skin sensitizer.",0
K2O12W4,K2O12W4,K(WO3)2,O; K; W,3,200,,,natural,57562.0,orthorhombic,Ima2,1.7351,semiconductor,-22471.0,-88.0,thermal-mass; electrically-functional,[],0
Co1Ni1Pb4Ti8,Co1Ni1Pb4Ti8,Ti8CoNiPb4,Ti; Co; Ni; Pb,4,1200,2,,natural,80043.0,tetragonal,I422,0.0002,semiconductor,-1664.0,-181.0,tension-capable; thermal-mass; refractory,"Cobalt — dust inhalation risk. Common in blue glazes.; Nickel — dust inhalation risk, skin sensitizer.; Lead — requires PPE, ventilation. Traditional in glazes.",1
Ba3Mn4Ni2P6,Ba3Mn4Ni2P6,Ba3Mn4(NiP3)2,P; Mn; Ni; Ba,4,900,4,,natural,55081.0,orthorhombic,Immm,,semiconductor,-7944.0,-285.0,thermal-mass,"Manganese — dust inhalation risk at high temps.; Nickel — dust inhalation risk, skin sensitizer.; Barium — soluble barium compounds toxic; BaSO₄/BaCO₃ safer in glazes.",0
Ba6Nb7O21,Ba6Nb7O21,Ba6Nb7O21,O; Nb; Ba,3,1200,4,,natural,61023.0,trigonal,R-3,0.0027,semiconductor,-31966.0,-11.0,thermal-mass,Barium — soluble barium compounds toxic; BaSO₄/BaCO₃ safer in glazes.,1
Bi4Ca10Pb2,Bi4Ca10Pb2,Ca5Bi2Pb,Ca; Pb; Bi,3,900,2,,natural,50952.0,orthorhombic,Amm2,0.0028,semiconductor,-7504.0,-103.0,thermal-mass,"Lead — requires PPE, ventilation. Traditional in glazes.",1
Cu1Ni3Y4,Cu1Ni3Y4,Y4CuNi3,Ni; Cu; Y,3,1200,2,,natural,60087.0,monoclinic,Pm,0.0053,semiconductor,-3926.0,-41.0,tension-capable; thermal-mass,"Nickel — dust inhalation risk, skin sensitizer.",1
Nb2O24P6V2,Nb2O24P6V2,NbV(PO4)3,O; P; V; Nb,4,900,2,,natural,29417.0,monoclinic,C2,,semiconductor,-27644.0,-81.0,thermal-mass; colored-decorative,Vanadium — some compounds toxic; V₂O₅ requires care.,2
Ca6Li16Pb8,Ca6Li16Pb8,Li8Ca3Pb4,Li; Ca; Pb,3,800,2,,natural,48677.0,cubic,Fm-3m,,semiconductor,-4149.0,-97.0,thermal-mass,"Lead — requires PPE, ventilation. Traditional in glazes.",1
Li8Sb2Sn6Y8,Li8Sb2Sn6Y8,Li4Y4Sn3Sb,Li; Y; Sn; Sb,4,800,4,10,natural,51428.0,monoclinic,Cc,0.0048,semiconductor,-7528.0,-166.0,thermal-mass,[],2
Al1Ni1Sb4Sn2Zr10,Al1Ni1Sb4Sn2Zr10,Zr10AlNi(SnSb2)2,Al; Ni; Zr; Sn; Sb,5,800,2,,natural,74507.0,monoclinic,Cm,0.004,semiconductor,-7313.0,-142.0,tension-capable; thermal-mass,"Nickel — dust inhalation risk, skin sensitizer.",1
Co1Fe3Zn1Zr1,Co1Fe3Zn1Zr1,ZrZnFe3Co,Fe; Co; Zn; Zr,4,1200,2,,natural,78952.0,trigonal,R3m,0.0135,semiconductor,-1979.0,-92.0,thermal-mass; refractory,Cobalt — dust inhalation risk. Common in blue glazes.,0
La4Li1Si6Zn1,La4Li1Si6Zn1,LiLa4ZnSi6,Li; Si; Zn; La,4,1200,4,,natural,50403.0,orthorhombic,Fmm2,0.0029,semiconductor,-6593.0,-599.0,compression-strong; thermal-mass; refractory,[],1
Na1Nb8Sb1Se16,Na1Nb8Sb1Se16,NaNb8SbSe16,Na; Se; Nb; Sb,4,800,4,,natural,56343.0,trigonal,P-3m1,0.0091,semiconductor,-11494.0,-252.0,thermal-mass,Selenium — fumes toxic; good ventilation required.,3
La1Nb6Nd1S12,La1Nb6Nd1S12,LaNd(NbS2)6,S; Nb; La; Nd,4,1000,4,10,natural,47461.0,trigonal,P312,,semiconductor,-17189.0,-31.0,thermal-mass,[],3
Pb5Sn1Zn2Zr10,Pb5Sn1Zn2Zr10,Zr10Zn2SnPb5,Zn; Zr; Sn; Pb,4,400,1,,natural,90888.0,orthorhombic,Amm2,,semiconductor,-3718.0,4.0,thermal-mass,"Lead — requires PPE, ventilation. Traditional in glazes.",1
Bi4Nd10Pb2,Bi4Nd10Pb2,Nd5Bi2Pb,Nd; Pb; Bi,3,800,2,,natural,85976.0,orthorhombic,Amm2,0.0005,semiconductor,-6973.0,-36.0,thermal-mass,"Lead — requires PPE, ventilation. Traditional in glazes.",2
Fe2Mo2O32P8Pb4,Fe2Mo2O32P8Pb4,FeMoP4(PbO8)2,O; P; Fe; Mo; Pb,5,950,2,,natural,47198.0,monoclinic,Cc,,semiconductor,-23898.0,-93.0,thermal-mass; colored-decorative,"Lead — requires PPE, ventilation. Traditional in glazes.",1
La4Nd1Se4Si1,La4Nd1Se4Si1,La4NdSiSe4,Si; Se; La; Nd,4,1200,4,,natural,60568.0,tetragonal,I4/m,0.0154,semiconductor,-19402.0,-107.0,compression-strong; thermal-mass; refractory,Selenium — fumes toxic; good ventilation required.,3
Bi8Na16Ti2,Bi8Na16Ti2,Na8TiBi4,Na; Ti; Bi,3,800,1,,natural,41907.0,cubic,Fd-3m,0.457,semiconductor,-3463.0,-114.0,thermal-mass,[],0
Co5Y4,Co5Y4,Y4Co5,Co; Y,2,800,2,,natural,6358.0,monoclinic,C2/m,0.0017,semiconductor,-1965.0,-61.0,thermal-mass,Cobalt — dust inhalation risk. Common in blue glazes.,1
Ba40Sb26,Ba40Sb26,Ba20Sb13,Sb; Ba,2,800,2,,natural,47864.0,orthorhombic,Fdd2,,semiconductor,-11028.0,-15.0,thermal-mass,Barium — soluble barium compounds toxic; BaSO₄/BaCO₃ safer in glazes.,1
Mo1Nb8Si16Ti11,Mo1Nb8Si16Ti11,Ti11Nb8Si16Mo,Si; Ti; Nb; Mo,4,1200,2,,natural,54959.0,monoclinic,Pm,0.0078,semiconductor,-7512.0,-55.0,compression-strong; tension-capable; thermal-mass; refractory,[],1
C4Co4Mo1Ni4W15,C4Co4Mo1Ni4W15,Co4Ni4MoW15C4,C; Co; Ni; Mo; W,5,1200,4,,natural,153933.0,monoclinic,Cm,0.0071,semiconductor,-865.0,-81.0,tension-capable; thermal-mass; refractory,"Cobalt — dust inhalation risk. Common in blue glazes.; Nickel — dust inhalation risk, skin sensitizer.",0
Ba1Cr1Fe1Mn2Sb12,Ba1Cr1Fe1Mn2Sb12,BaMn2CrFeSb12,Cr; Mn; Fe; Sb; Ba,5,1000,4,,natural,72233.0,triclinic,P-1,0.0007,semiconductor,-2717.0,-339.0,tension-capable; thermal-mass; refractory,Chromium — Cr⁶⁺ compounds toxic; Cr₂O₃ (green) is safer.; Manganese — dust inhalation risk at high temps.; Barium — soluble barium compounds toxic; BaSO₄/BaCO₃ safer in glazes.,1
C7Ce5W2,C7Ce5W2,Ce5W2C7,C; Ce; W,3,120,1,,natural,90322.0,orthorhombic,Cmmm,0.0013,semiconductor,-2799.0,-293.0,thermal-mass,[],0
Cu18K1Nd1Si8,Cu18K1Nd1Si8,KNd(Cu9Si4)2,Si; K; Cu; Nd,4,1100,1,,furnace_cool,67241.0,tetragonal,I422,0.0069,semiconductor,-1551.0,-93.0,compression-strong; thermal-mass; refractory,[],1
Fe4O24Sb6W2,Fe4O24Sb6W2,Fe2Sb3WO12,O; Fe; Sb; W,4,800,2,,natural,66115.0,orthorhombic,Cmm2,0.7537,semiconductor,-19207.0,-8.0,thermal-mass; colored-decorative; electrically-functional,[],1
Se12Ti2Zr22,Se12Ti2Zr22,Zr11TiSe6,Ti; Se; Zr,3,1200,2,,natural,7019.0,monoclinic,P2/m,inf,semiconductor,-10826.0,-16.0,thermal-mass; translucent-potential; refractory,Selenium — fumes toxic; good ventilation required.,1
Al1K6Sb4Y1,Al1K6Sb4Y1,K6YAlSb4,Al; K; Y; Sb,4,600,2,,natural,2834.0,orthorhombic,I222,0.8101,semiconductor,-608.0,-294.0,lightweight; electrically-functional,[],2
Co1Cr4Fe1Mn2P4,Co1Cr4Fe1Mn2P4,Mn2Cr4FeCoP4,P; Cr; Mn; Fe; Co,5,1200,2,,natural,68203.0,monoclinic,Pm,0.0049,semiconductor,-5326.0,-16.0,tension-capable; thermal-mass; refractory,Chromium — Cr⁶⁺ compounds toxic; Cr₂O₃ (green) is safer.; Manganese — dust inhalation risk at high temps.; Cobalt — dust inhalation risk. Common in blue glazes.,0
B2Co3Cu7La3Ni3,B2Co3Cu7La3Ni3,La3Co3Cu7Ni3B2,B; Co; Ni; Cu; La,5,1200,2,,natural,80801.0,hexagonal,P6mm,0.0036,semiconductor,-2945.0,-161.0,tension-capable; thermal-mass,"Cobalt — dust inhalation risk. Common in blue glazes.; Nickel — dust inhalation risk, skin sensitizer.",1
Al6Fe12Mo1Ti5,Al6Fe12Mo1Ti5,Ti5Al6Fe12Mo,Al; Ti; Fe; Mo,4,1200,1,,natural,65194.0,orthorhombic,Pmmm,0.0012,semiconductor,-4349.0,-208.0,tension-capable; thermal-mass; refractory,[],0
Ba4Nb4O18Sr4,Ba4Nb4O18Sr4,Ba2Sr2Nb2O9,O; Sr; Nb; Ba,4,800,4,,natural,5153.0,hexagonal,P6_3,3.5382,semiconductor,-32774.0,-52.0,thermal-mass; translucent-potential,Barium — soluble barium compounds toxic; BaSO₄/BaCO₃ safer in glazes.,1
Mo1Si16V11Zr8,Mo1Si16V11Zr8,Zr8V11Si16Mo,Si; V; Zr; Mo,4,1200,2,,natural,5578.0,monoclinic,Pm,0.0012,semiconductor,-7785.0,-753.0,compression-strong; thermal-mass; refractory,Vanadium — some compounds toxic; V₂O₅ requires care.,1
Mg1Sn1Zr6,Mg1Sn1Zr6,MgZr6Sn,Mg; Zr; Sn,3,800,,,natural,64098.0,cubic,Fm-3m,0.0103,semiconductor,-2041.0,-131.0,thermal-mass,[],0
Fe6Mg2Ni6P7,Fe6Mg2Ni6P7,Mg2Fe6Ni6P7,Mg; P; Fe; Ni,4,900,2,,natural,63557.0,hexagonal,P-6,0.0032,semiconductor,-5633.0,-267.0,tension-capable; thermal-mass,"Nickel — dust inhalation risk, skin sensitizer.",0
K12Li8P12V4,K12Li8P12V4,K3Li2VP3,Li; P; K; V,4,800,4,,natural,21771.0,orthorhombic,Cmce,inf,semiconductor,-5639.0,-406.0,thermal-mass; translucent-potential,Vanadium — some compounds toxic; V₂O₅ requires care.,1
Co16Li2P12Zr6,Co16Li2P12Zr6,LiZr3(Co4P3)2,Li; P; Co; Zr,4,1200,2,,natural,68891.0,orthorhombic,Amm2,0.0059,semiconductor,-9615.0,-302.0,thermal-mass; refractory,Cobalt — dust inhalation risk. Common in blue glazes.,0
Bi2Si1Zr6,Bi2Si1Zr6,Zr6SiBi2,Si; Zr; Bi,3,1200,2,,natural,80654.0,hexagonal,P-62m,0.0144,semiconductor,-5139.0,-711.0,compression-strong; thermal-mass; refractory,[],0
P4Se4Ti24,P4Se4Ti24,Ti6PSe,P; Ti; Se,3,800,4,10,natural,51989.0,tetragonal,P4_2,0.0006,semiconductor,-8037.0,-35.0,thermal-mass,Selenium — fumes toxic; good ventilation required.,1
Bi4O26W8,Bi4O26W8,Bi2W4O13,O; W; Bi,3,800,4,,natural,77001.0,monoclinic,P2_1/m,,semiconductor,-20453.0,-141.0,thermal-mass,[],0
Co8Ni12P12Y4,Co8Ni12P12Y4,YCo2(NiP)3,P; Co; Ni; Y,4,1200,2,,natural,70281.0,orthorhombic,Pnma,inf,semiconductor,-837.0,-13.0,thermal-mass; translucent-potential,"Cobalt — dust inhalation risk. Common in blue glazes.; Nickel — dust inhalation risk, skin sensitizer.",1
Ce2Ni11P7W1,Ce2Ni11P7W1,Ce2Ni11P7W,P; Ni; Ce; W,4,1200,2,,natural,82053.0,monoclinic,Pm,0.0024,semiconductor,-7463.0,-142.0,tension-capable; thermal-mass; refractory,"Nickel — dust inhalation risk, skin sensitizer.",0
Cu1Sb6Si1Ti10,Cu1Sb6Si1Ti10,Ti10CuSiSb6,Si; Ti; Cu; Sb,4,1000,2,,natural,67393.0,trigonal,P-31m,,semiconductor,-6185.0,-142.0,compression-strong; thermal-mass; refractory,[],1
Co8Ni6P8Y4,Co8Ni6P8Y4,Y2Co4Ni3P4,P; Co; Ni; Y,4,1200,2,,natural,68915.0,orthorhombic,Pmn2_1,0.0004,semiconductor,-8859.0,-125.0,tension-capable; thermal-mass,"Cobalt — dust inhalation risk. Common in blue glazes.; Nickel — dust inhalation risk, skin sensitizer.",1
Co4La3Nd4Sn13,Co4La3Nd4Sn13,La3Nd4Co4Sn13,Co; Sn; La; Nd,4,1200,2,,natural,77186.0,tetragonal,P4/m,0.0053,semiconductor,-5908.0,-117.0,tension-capable; thermal-mass,Cobalt — dust inhalation risk. Common in blue glazes.,2
B2Cu1Mg3Ni6,B2Cu1Mg3Ni6,Mg3Cu(Ni3B)2,B; Mg; Ni; Cu,4,800,2,,natural,58969.0,trigonal,R-3m,0.0095,semiconductor,-3106.0,-188.0,tension-capable; thermal-mass,"Nickel — dust inhalation risk, skin sensitizer.",0
Al9Cu13,Al9Cu13,Al9Cu13,Al; Cu,2,800,,,natural,61038.0,monoclinic,C2/m,0.0018,semiconductor,-2213.0,-104.0,tension-capable; thermal-mass,[],0
Mn4P4Ti2V2,Mn4P4Ti2V2,TiMn2VP2,P; Ti; V; Mn,4,1200,2,,natural,60643.0,orthorhombic,Pmc2_1,0.002,semiconductor,-8828.0,-436.0,tension-capable; thermal-mass; refractory,Vanadium — some compounds toxic; V₂O₅ requires care.; Manganese — dust inhalation risk at high temps.,1
Se1Sn6Ti3Zr7,Se1Sn6Ti3Zr7,Zr7Ti3Sn6Se,Ti; Se; Zr; Sn,4,1200,2,,natural,72313.0,trigonal,P312,0.0052,semiconductor,-7108.0,-547.0,tension-capable; thermal-mass; refractory,Selenium — fumes toxic; good ventilation required.,1
Cu1Mg1Na6Se26,Cu1Mg1Na6Se26,Na6MgCuSe26,Na; Mg; Cu; Se,4,500,2,,natural,4156.0,triclinic,P-1,0.0048,semiconductor,-7187.0,-1152.0,[],Selenium — fumes toxic; good ventilation required.,1
Na4S28,Na4S28,NaS7,Na; S,2,250,2,,natural,16875.0,monoclinic,C2/c,0.6953,semiconductor,-5721.0,-1988.0,thermal-mass; electrically-functional; ecological,[],0
Ni6V1W1,Ni6V1W1,VNi6W,V; Ni; W,3,1200,2,,natural,105049.0,orthorhombic,Pmm2,,semiconductor,-1777.0,-61.0,thermal-mass; refractory,"Vanadium — some compounds toxic; V₂O₅ requires care.; Nickel — dust inhalation risk, skin sensitizer.",1
Bi5Pb1Ti10Zn2,Bi5Pb1Ti10Zn2,Ti10Zn2Bi5Pb,Ti; Zn; Pb; Bi,4,900,,,natural,8904.0,orthorhombic,Amm2,0.0026,semiconductor,-1857.0,-317.0,tension-capable; thermal-mass,"Lead — requires PPE, ventilation. Traditional in glazes.",1
Co18La1Nd1Si8,Co18La1Nd1Si8,LaNd(Co9Si4)2,Si; Co; La; Nd,4,1200,2,,natural,75044.0,tetragonal,I422,0.0007,semiconductor,-4597.0,-2.0,compression-strong; thermal-mass; refractory,Cobalt — dust inhalation risk. Common in blue glazes.,2
Ni1Sb5Ti10,Ni1Sb5Ti10,Ti10NiSb5,Ti; Ni; Sb,3,800,2,,natural,65728.0,tetragonal,I422,0.0058,semiconductor,-5663.0,-33.0,tension-capable; thermal-mass,"Nickel — dust inhalation risk, skin sensitizer.",1
La2Mg2Ni2Sn4,La2Mg2Ni2Sn4,LaMgNiSn2,Mg; Ni; Sn; La,4,800,4,,natural,64543.0,tetragonal,P4/nmm,0.0013,semiconductor,-5646.0,-362.0,tension-capable; thermal-mass,"Nickel — dust inhalation risk, skin sensitizer.",1
Al2B4Ni10O20,Al2B4Ni10O20,AlNi5(BO5)2,B; O; Al; Ni,4,1200,2,,natural,50029.0,monoclinic,P2/m,,semiconductor,-19836.0,5.0,compression-strong; thermal-mass; colored-decorative; refractory,"Nickel — dust inhalation risk, skin sensitizer.",0
La5Mo2O12,La5Mo2O12,La5(MoO6)2,O; Mo; La,3,1000,4,,natural,59412.0,monoclinic,C2/m,0.0114,semiconductor,-33169.0,-58.0,thermal-mass; refractory,[],1
Mn1S16V9,Mn1S16V9,MnV9S16,S; V; Mn,3,150,2,,natural,40002.0,trigonal,P-3m1,0.0023,semiconductor,-12659.0,-463.0,thermal-mass,Vanadium — some compounds toxic; V₂O₅ requires care.; Manganese — dust inhalation risk at high temps.,1
Al4Mn1S8Zn1,Al4Mn1S8Zn1,MnAl4ZnS8,Al; S; Mn; Zn,4,750,1,,natural,31.0,cubic,F-43m,,semiconductor,-12686.0,7.0,thermal-insulator-potential,Manganese — dust inhalation risk at high temps.,0
Nd3Ni4P4Zr1,Nd3Ni4P4Zr1,Nd3Zr(NiP)4,P; Ni; Zr; Nd,4,1200,2,10,natural,69868.0,hexagonal,P-6m2,0.0064,semiconductor,-11604.0,-246.0,thermal-mass; refractory,"Nickel — dust inhalation risk, skin sensitizer.",1
Cu5La1Nd1Zn5,Cu5La1Nd1Zn5,LaNd(ZnCu)5,Cu; Zn; La; Nd,4,1100,,,natural,76619.0,orthorhombic,Pmmm,0.0042,semiconductor,-2839.0,-447.0,tension-capable; thermal-mass,[],2
Bi5Se1Sn1Zr10,Bi5Se1Sn1Zr10,Zr10SnBi5Se,Se; Zr; Sn; Bi,4,800,2,,natural,90946.0,monoclinic,Cm,0.0025,semiconductor,-5709.0,-6.0,thermal-mass,Selenium — fumes toxic; good ventilation required.,1
La16Na4Pb14Sn2,La16Na4Pb14Sn2,Na2La8SnPb7,Na; Sn; La; Pb,4,800,2,10,natural,75495.0,orthorhombic,Pmc2_1,,semiconductor,-573.0,-156.0,thermal-mass,"Lead — requires PPE, ventilation. Traditional in glazes.",2
Al6Ba10O1Si8Sr3,Al6Ba10O1Si8Sr3,Ba10Sr3Al6Si8O,O; Al; Si; Sr; Ba,5,1200,2,,natural,38434.0,monoclinic,Cm,,semiconductor,-5536.0,-135.0,compression-strong; thermal-mass; refractory,Barium — soluble barium compounds toxic; BaSO₄/BaCO₃ safer in glazes.,0
Bi6Nd1Sr6Y1,Bi6Nd1Sr6Y1,Sr6NdYBi6,Sr; Y; Nd; Bi,4,1200,,,natural,65705.0,triclinic,P1,0.4939,semiconductor,-912.0,-252.0,thermal-mass,[],2
La7Nd3O2Sn6,La7Nd3O2Sn6,La7Nd3(Sn3O)2,O; Sn; La; Nd,4,1000,2,,natural,65807.0,monoclinic,Cm,0.0012,semiconductor,-13482.0,-3.0,thermal-mass; colored-decorative,[],2
Nd12Ni4Pb1Si7,Nd12Ni4Pb1Si7,Nd12Si7Ni4Pb,Si; Ni; Nd; Pb,4,950,2,,natural,65842.0,monoclinic,Pm,0.0017,semiconductor,-6311.0,-184.0,compression-strong; thermal-mass,"Nickel — dust inhalation risk, skin sensitizer.; Lead — requires PPE, ventilation. Traditional in glazes.",2
La1Nd3O14Zr4,La1Nd3O14Zr4,LaNd3Zr4O14,O; Zr; La; Nd,4,900,4,5,natural,60575.0,trigonal,R-3m,,semiconductor,-38588.0,1.0,compression-strong; thermal-mass; colored-decorative,[],2
Bi2K5Sb4,Bi2K5Sb4,K5(BiSb2)2,K; Sb; Bi,3,800,2,,natural,37988.0,orthorhombic,Amm2,0.0134,semiconductor,-5195.0,-453.0,thermal-mass,[],1
Al1Co6Mo6,Al1Co6Mo6,Al(CoMo)6,Al; Co; Mo,3,800,2,,natural,93743.0,trigonal,R-3m,0.0074,semiconductor,-1363.0,-152.0,tension-capable; thermal-mass,Cobalt — dust inhalation risk. Common in blue glazes.,0
Al9Mn3Ni5Ti13,Al9Mn3Ni5Ti13,Ti13Mn3Al9Ni5,Al; Ti; Mn; Ni,4,800,2,,natural,50588.0,monoclinic,Cm,0.0005,semiconductor,-4742.0,-358.0,tension-capable; thermal-mass,"Manganese — dust inhalation risk at high temps.; Nickel — dust inhalation risk, skin sensitizer.",0
Co15Fe8Y6,Co15Fe8Y6,Y6Fe8Co15,Fe; Co; Y,3,1200,2,,natural,73871.0,trigonal,R3m,,semiconductor,-1575.0,-277.0,thermal-mass,Cobalt — dust inhalation risk. Common in blue glazes.,1
Co1Nb6S12V1,Co1Nb6S12V1,Nb6VCoS12,S; V; Co; Nb,4,1200,2,,natural,49366.0,trigonal,P312,0.0015,semiconductor,-13785.0,-4.0,thermal-mass,Vanadium — some compounds toxic; V₂O₅ requires care.; Cobalt — dust inhalation risk. Common in blue glazes.,2
Co1Mo5Ti4,Co1Mo5Ti4,Ti4CoMo5,Ti; Co; Mo,3,1200,2,,natural,79071.0,orthorhombic,Cmmm,0.0082,semiconductor,-2028.0,-192.0,tension-capable; thermal-mass; refractory,Cobalt — dust inhalation risk. Common in blue glazes.,0
Na4Se12V6,Na4Se12V6,Na2(VSe2)3,Na; V; Se,3,600,2,,natural,48374.0,trigonal,R32,,semiconductor,-10996.0,-14.0,thermal-mass,Vanadium — some compounds toxic; V₂O₅ requires care.; Selenium — fumes toxic; good ventilation required.,2
Co4Fe2Si10Zr4,Co4Fe2Si10Zr4,Zr2FeCo2Si5,Si; Fe; Co; Zr,4,1200,2,10,natural,59403.0,orthorhombic,Ibam,0.0062,semiconductor,-7019.0,-59.0,compression-strong; tension-capable; thermal-mass; refractory,Cobalt — dust inhalation risk. Common in blue glazes.,0
Al2Bi3Sb1Ti10,Al2Bi3Sb1Ti10,Ti10Al2Bi3Sb,Al; Ti; Sb; Bi,4,800,2,,natural,70941.0,orthorhombic,Fmm2,0.0034,semiconductor,-3245.0,-272.0,tension-capable; thermal-mass,[],1
Mg5Mn1Mo6O24,Mg5Mn1Mo6O24,Mg5Mn(MoO4)6,O; Mg; Mn; Mo,4,800,4,,natural,34379.0,triclinic,P1,3.0304,semiconductor,-23547.0,-2.0,thermal-mass; translucent-potential; colored-decorative; electrically-functional,Manganese — dust inhalation risk at high temps.,0
Bi2Na3Nd1Se6,Bi2Na3Nd1Se6,Na3Nd(BiSe3)2,Na; Se; Nd; Bi,4,800,2,,natural,55402.0,trigonal,P-3m1,,semiconductor,-1284.0,-11.0,thermal-mass,Selenium — fumes toxic; good ventilation required.,2
Bi9Mo3Nd1O24,Bi9Mo3Nd1O24,NdBi9(MoO8)3,O; Mo; Nd; Bi,4,800,2,,natural,73441.0,triclinic,P1,2.6301,semiconductor,-19654.0,-22.0,thermal-mass; translucent-potential; colored-decorative; electrically-functional,[],1
La6Na4Nd10Sn16,La6Na4Nd10Sn16,Na2La3Nd5Sn8,Na; Sn; La; Nd,4,800,2,,natural,63405.0,monoclinic,P2_1,,semiconductor,-7141.0,-241.0,thermal-mass,[],2
Ce4Co1Si6Zn1,Ce4Co1Si6Zn1,Ce4ZnCoSi6,Si; Co; Zn; Ce,4,1200,2,10,natural,59919.0,hexagonal,P-6m2,0.0011,semiconductor,-6569.0,-162.0,compression-strong; tension-capable; thermal-mass; refractory,Cobalt — dust inhalation risk. Common in blue glazes.,0
Co1Nd12Ni3,Co1Nd12Ni3,Nd12CoNi3,Co; Ni; Nd,3,1000,2,,natural,71847.0,monoclinic,Pm,0.0164,semiconductor,-1438.0,-12.0,thermal-mass,"Cobalt — dust inhalation risk. Common in blue glazes.; Nickel — dust inhalation risk, skin sensitizer.",1
Cr4Se8V1,Cr4Se8V1,V(CrSe2)4,V; Cr; Se,3,800,2,,natural,55642.0,monoclinic,C2/m,0.0102,semiconductor,-8591.0,-35.0,thermal-mass,Vanadium — some compounds toxic; V₂O₅ requires care.; Chromium — Cr⁶⁺ compounds toxic; Cr₂O₃ (green) is safer.; Selenium — fumes toxic; good ventilation required.,2
Nd3O14Sn4Y1,Nd3O14Sn4Y1,Nd3Y(Sn2O7)2,O; Y; Sn; Nd,4,1000,4,,natural,66839.0,trigonal,R-3m,,semiconductor,-29836.0,14.0,thermal-mass; colored-decorative,[],2
Ca2Ni7Zn3,Ca2Ni7Zn3,Ca2Zn3Ni7,Ca; Ni; Zn,3,800,,,natural,64503.0,monoclinic,Cm,0.0012,semiconductor,-2412.0,-191.0,tension-capable; thermal-mass,"Nickel — dust inhalation risk, skin sensitizer.",0
Co4Ni4O16Si4,Co4Ni4O16Si4,CoSiNiO4,O; Si; Co; Ni,4,1000,4,,natural,46912.0,orthorhombic,Pnma,,semiconductor,-21243.0,16.0,compression-strong; thermal-mass; colored-decorative; refractory,"Cobalt — dust inhalation risk. Common in blue glazes.; Nickel — dust inhalation risk, skin sensitizer.",0
Bi4Nd2Sb2Sr6,Bi4Nd2Sb2Sr6,Sr3NdBi2Sb,Sr; Sb; Nd; Bi,4,900,4,,natural,62329.0,triclinic,P1,0.4092,semiconductor,-10031.0,-128.0,thermal-mass,[],2
Ba2Bi8K8Sr2Ti2,Ba2Bi8K8Sr2Ti2,K4BaSrTiBi4,K; Ti; Sr; Ba; Bi,5,1000,4,,natural,44873.0,triclinic,P1,0.8067,semiconductor,-5481.0,-381.0,thermal-mass; refractory; electrically-functional,Barium — soluble barium compounds toxic; BaSO₄/BaCO₃ safer in glazes.,0
K16Pb4Se16,K16Pb4Se16,K4PbSe4,K; Se; Pb,3,800,4,,natural,33631.0,orthorhombic,Pnma,1.0417,semiconductor,-1125.0,-62.0,thermal-mass; electrically-functional,"Selenium — fumes toxic; good ventilation required.; Lead — requires PPE, ventilation. Traditional in glazes.",2
B1Ba1C11Sr1,B1Ba1C11Sr1,BaSrBC11,B; C; Sr; Ba,4,900,4,,natural,35327.0,triclinic,P1,0.0105,semiconductor,-112.0,-136.0,thermal-mass,Barium — soluble barium compounds toxic; BaSO₄/BaCO₃ safer in glazes.,0
Mg1O24P6W3,Mg1O24P6W3,MgP6(WO8)3,O; Mg; P; W,4,1000,2,,natural,38516.0,triclinic,P1,2.2632,semiconductor,-25593.0,-55.0,thermal-mass; translucent-potential; refractory; electrically-functional,[],0
Bi7Ca1O14,Bi7Ca1O14,Ca(BiO2)7,O; Ca; Bi,3,900,2,,natural,8378.0,triclinic,P1,0.1228,semiconductor,-17102.0,-69.0,compression-strong; thermal-mass,[],0
Nd6Pb6Se2Y4,Nd6Pb6Se2Y4,Nd3Y2Pb3Se,Se; Y; Nd; Pb,4,1000,2,,natural,81775.0,hexagonal,P6_3/mcm,,semiconductor,-9645.0,-613.0,thermal-mass,"Selenium — fumes toxic; good ventilation required.; Lead — requires PPE, ventilation. Traditional in glazes.",4
O3S24W1,O3S24W1,W(S8O)3,O; S; W,3,150,,,natural,17983.0,trigonal,R3m,,semiconductor,-581.0,-2125.0,thermal-mass,[],0
Mn3O24W8Zn1,Mn3O24W8Zn1,Mn3Zn(WO3)8,O; Mn; Zn; W,4,200,4,,natural,79477.0,monoclinic,C2/m,1.2661,semiconductor,-21493.0,-192.0,thermal-mass; colored-decorative; electrically-functional,Manganese — dust inhalation risk at high temps.,0
Bi3Nd3O14Y2,Bi3Nd3O14Y2,Nd3Y2Bi3O14,O; Y; Nd; Bi,4,900,4,,natural,72285.0,triclinic,P1,,semiconductor,-2886.0,-534.0,thermal-mass; colored-decorative,[],2
Ba1O8Si2Sr2V1,Ba1O8Si2Sr2V1,BaSr2V(SiO4)2,O; Si; V; Sr; Ba,5,1000,2,,natural,4669.0,trigonal,P-3m1,2.5066,semiconductor,-32306.0,-12.0,compression-strong; translucent-potential; colored-decorative; refractory; electrically-functional,Vanadium — some compounds toxic; V₂O₅ requires care.; Barium — soluble barium compounds toxic; BaSO₄/BaCO₃ safer in glazes.,1
Bi3P4S16Y1,Bi3P4S16Y1,YBi3(PS4)4,P; S; Y; Bi,4,800,4,,natural,33559.0,triclinic,P1,2.0147,semiconductor,-8263.0,-143.0,thermal-mass; translucent-potential; electrically-functional,[],1
Co1Ni19Si12Y1Zr3,Co1Ni19Si12Y1Zr3,YZr3CoSi12Ni19,Si; Co; Ni; Y; Zr,5,1200,2,,natural,67328.0,monoclinic,Pm,,semiconductor,-7014.0,-1.0,compression-strong; thermal-mass; refractory,"Cobalt — dust inhalation risk. Common in blue glazes.; Nickel — dust inhalation risk, skin sensitizer.",1
Mn1Sb5Ti10,Mn1Sb5Ti10,Ti10MnSb5,Ti; Mn; Sb,3,300,1,,natural,65651.0,tetragonal,I422,0.0014,semiconductor,-5239.0,-83.0,tension-capable; thermal-mass,Manganese — dust inhalation risk at high temps.,1
Co2Mn2P4V3W1,Co2Mn2P4V3W1,Mn2V3Co2P4W,P; V; Mn; Co; W,5,800,2,,natural,80713.0,monoclinic,Pm,,semiconductor,-7195.0,-31.0,thermal-mass,Vanadium — some compounds toxic; V₂O₅ requires care.; Manganese — dust inhalation risk at high temps.; Cobalt — dust inhalation risk. Common in blue glazes.,1
Bi6Nd10S2,Bi6Nd10S2,Nd5Bi3S,S; Nd; Bi,3,800,2,,natural,86812.0,hexagonal,P6_3/mcm,0.0075,semiconductor,-12057.0,-431.0,thermal-mass,[],1
C4Ce1Co1Fe1Y1,C4Ce1Co1Fe1Y1,CeYFeCoC4,C; Fe; Co; Y; Ce,5,1000,2,,natural,65316.0,triclinic,P1,0.0381,semiconductor,-3017.0,-251.0,thermal-mass,Cobalt — dust inhalation risk. Common in blue glazes.,1
Cu7La2Ni3,Cu7La2Ni3,La2Cu7Ni3,Ni; Cu; La,3,1200,2,,natural,81133.0,monoclinic,P2/m,inf,semiconductor,-2162.0,-35.0,thermal-mass; translucent-potential,"Nickel — dust inhalation risk, skin sensitizer.",1
Bi2Nd10Se2Sn4,Bi2Nd10Se2Sn4,Nd5Sn2BiSe,Se; Sn; Nd; Bi,4,800,2,,natural,76621.0,orthorhombic,Amm2,0.0018,semiconductor,-11109.0,-467.0,thermal-mass,Selenium — fumes toxic; good ventilation required.,2
B20K1Na2,B20K1Na2,K(NaB10)2,B; Na; K,3,150,2,,natural,22345.0,orthorhombic,Cmmm,0.0076,semiconductor,-565.0,-44.0,thermal-mass,[],0
La10Se1Sn6,La10Se1Sn6,La10Sn6Se,Se; Sn; La,3,800,2,,natural,64178.0,trigonal,P-31m,0.001,semiconductor,-9286.0,-201.0,thermal-mass,Selenium — fumes toxic; good ventilation required.,2
Bi1Ce2Co2Sb3,Bi1Ce2Co2Sb3,Ce2Co2BiSb3,Co; Sb; Ce; Bi,4,900,2,,natural,86567.0,tetragonal,P-4m2,0.0013,semiconductor,-6774.0,-16.0,thermal-mass,Cobalt — dust inhalation risk. Common in blue glazes.,1
Co6Ti1W1,Co6Ti1W1,TiCo6W,Ti; Co; W,3,1300,,,natural,105232.0,hexagonal,P-6m2,0.0028,semiconductor,-1769.0,-39.0,tension-capable; thermal-mass; refractory,Cobalt — dust inhalation risk. Common in blue glazes.,0
K2Mo1Ni1P2,K2Mo1Ni1P2,K2NiMoP2,P; K; Ni; Mo,4,800,2,,natural,29296.0,tetragonal,P-4m2,0.0055,semiconductor,-4608.0,-182.0,tension-capable; thermal-mass,"Nickel — dust inhalation risk, skin sensitizer.",0
Ni1O16Se4Zn3,Ni1O16Se4Zn3,Zn3Ni(SeO4)4,O; Ni; Zn; Se,4,800,2,,natural,43742.0,triclinic,P-1,2.2267,semiconductor,-13166.0,-14.0,thermal-mass; translucent-potential; colored-decorative; electrically-functional,"Nickel — dust inhalation risk, skin sensitizer.; Selenium — fumes toxic; good ventilation required.",1
Bi4P1Ti8V1,Bi4P1Ti8V1,Ti8VBi4P,P; Ti; V; Bi,4,900,4,,natural,77973.0,tetragonal,I422,0.0041,semiconductor,-4003.0,-525.0,thermal-mass,Vanadium — some compounds toxic; V₂O₅ requires care.,1
Cu2Fe2La2Si2,Cu2Fe2La2Si2,LaFeCuSi,Si; Fe; Cu; La,4,1200,4,,natural,65491.0,orthorhombic,Cmcm,0.0025,semiconductor,-4624.0,-168.0,compression-strong; tension-capable; thermal-mass; refractory,[],1
Ce4Mn16P12W4,Ce4Mn16P12W4,CeMn4P3W,P; Mn; Ce; W,4,800,3,5,natural,85918.0,orthorhombic,Pnma,,semiconductor,-709.0,-33.0,thermal-mass,Manganese — dust inhalation risk at high temps.,0
Co6Cr1Mo6,Co6Cr1Mo6,Cr(CoMo)6,Cr; Co; Mo,3,1200,2,,natural,97442.0,trigonal,R-3m,0.0013,semiconductor,-411.0,-87.0,tension-capable; thermal-mass; refractory,Chromium — Cr⁶⁺ compounds toxic; Cr₂O₃ (green) is safer.; Cobalt — dust inhalation risk. Common in blue glazes.,0
Na2Pb1Sb6Sn6,Na2Pb1Sb6Sn6,Na2Sn6Sb6Pb,Na; Sn; Sb; Pb,4,600,2,,natural,59367.0,monoclinic,C2/m,,semiconductor,-1838.0,-204.0,thermal-mass,"Lead — requires PPE, ventilation. Traditional in glazes.",2
Mn1Ni3Si4Y4,Mn1Ni3Si4Y4,Y4MnSi4Ni3,Si; Mn; Ni; Y,4,1200,2,,natural,55382.0,monoclinic,Pm,,semiconductor,-742.0,111.0,compression-strong; thermal-mass; refractory,"Manganese — dust inhalation risk at high temps.; Nickel — dust inhalation risk, skin sensitizer.",1
C4Co7Mo2Ni1W14,C4Co7Mo2Ni1W14,Co7NiMo2(W7C2)2,C; Co; Ni; Mo; W,5,1200,2,,natural,150322.0,monoclinic,Cm,0.005,semiconductor,-767.0,-38.0,tension-capable; thermal-mass; refractory,"Cobalt — dust inhalation risk. Common in blue glazes.; Nickel — dust inhalation risk, skin sensitizer.",0
Al4Ba12Bi8Sb4,Al4Ba12Bi8Sb4,Ba3AlBi2Sb,Al; Sb; Ba; Bi,4,600,,,natural,56265.0,orthorhombic,Cmce,0.3219,semiconductor,-8453.0,-182.0,thermal-mass,Barium — soluble barium compounds toxic; BaSO₄/BaCO₃ safer in glazes.,1
Al9C4Nb12Ni2V1,Al9C4Nb12Ni2V1,Nb12Al9V(NiC2)2,C; Al; V; Ni; Nb,5,1200,2,,natural,63688.0,monoclinic,C2/m,,semiconductor,-5121.0,-398.0,thermal-mass; refractory,"Vanadium — some compounds toxic; V₂O₅ requires care.; Nickel — dust inhalation risk, skin sensitizer.",2
Ce4Si16Ti7W5Y4,Ce4Si16Ti7W5Y4,Ce4Y4Ti7Si16W5,Si; Ti; Y; Ce; W,5,1300,4,,natural,68676.0,triclinic,P1,,semiconductor,-6938.0,-697.0,compression-strong; thermal-mass; refractory,[],1
Nd15Pb16Y5,Nd15Pb16Y5,Nd15Y5Pb16,Y; Nd; Pb,3,1000,2,,natural,85899.0,triclinic,P1,,semiconductor,-5949.0,-268.0,thermal-mass,"Lead — requires PPE, ventilation. Traditional in glazes.",3
Nb5Nd1Se10,Nb5Nd1Se10,Nd(NbSe2)5,Se; Nb; Nd,3,800,2,10,natural,58641.0,triclinic,P1,0.002,semiconductor,-13311.0,-247.0,thermal-mass,Selenium — fumes toxic; good ventilation required.,3
Mn1Nd4Ni2Sb8,Mn1Nd4Ni2Sb8,Nd4Mn(NiSb4)2,Mn; Ni; Sb; Nd,4,1200,2,10,natural,74338.0,tetragonal,I-42m,0.0059,semiconductor,-8334.0,-35.0,tension-capable; thermal-mass,"Manganese — dust inhalation risk at high temps.; Nickel — dust inhalation risk, skin sensitizer.",2
Bi3La10Se2Sn3,Bi3La10Se2Sn3,La10Sn3Bi3Se2,Se; Sn; La; Bi,4,800,2,,natural,73029.0,hexagonal,P-62m,0.0016,semiconductor,-11829.0,-249.0,thermal-mass,Selenium — fumes toxic; good ventilation required.,2
Cu1Mn1Na1S2,Cu1Mn1Na1S2,NaMnCuS2,Na; S; Mn; Cu,4,900,2,,natural,36573.0,trigonal,P3m1,0.5633,semiconductor,-8548.0,-335.0,thermal-mass; electrically-functional,Manganese — dust inhalation risk at high temps.,0
Li16Si6Zn4,Li16Si6Zn4,Li8Zn2Si3,Li; Si; Zn,3,300,4,,natural,23417.0,trigonal,R-3c,0.0128,semiconductor,-2683.0,-18.0,compression-strong; thermal-mass,[],0
Al2C4Ce3Fe9,Al2C4Ce3Fe9,Ce3Al2Fe9C4,C; Al; Fe; Ce,4,600,2,,natural,78278.0,hexagonal,P6/mmm,0.0007,semiconductor,-2586.0,-706.0,tension-capable; thermal-mass,[],0
C12Cr3La6Ti1,C12Cr3La6Ti1,La6Ti(CrC4)3,C; Ti; Cr; La,4,1200,2,,natural,60163.0,trigonal,P-3,0.0021,semiconductor,-2723.0,-611.0,tension-capable; thermal-mass; refractory,Chromium — Cr⁶⁺ compounds toxic; Cr₂O₃ (green) is safer.,1
Bi4Mo2O24Se6,Bi4Mo2O24Se6,Bi2Mo(SeO4)3,O; Se; Mo; Bi,4,900,2,,natural,58955.0,triclinic,P-1,2.8321,semiconductor,-15634.0,-39.0,thermal-mass; translucent-potential; electrically-functional,Selenium — fumes toxic; good ventilation required.,1
Al6Co1Fe11Ti6,Al6Co1Fe11Ti6,Ti6Al6Fe11Co,Al; Ti; Fe; Co,4,1200,2,,natural,62803.0,orthorhombic,Pmm2,,semiconductor,-4751.0,3.0,thermal-mass; refractory,Cobalt — dust inhalation risk. Common in blue glazes.,0
Bi6Co1P1Zr10,Bi6Co1P1Zr10,Zr10CoBi6P,P; Co; Zr; Bi,4,1200,2,,natural,93528.0,trigonal,P-31m,0.0111,semiconductor,-5299.0,-364.0,thermal-mass; refractory,Cobalt — dust inhalation risk. Common in blue glazes.,0
Al1Ni4Sn1Y12,Al1Ni4Sn1Y12,Y12AlNi4Sn,Al; Ni; Y; Sn,4,0,2,,natural,51928.0,orthorhombic,Immm,0.0007,semiconductor,-3779.0,-37.0,tension-capable; thermal-mass,"Nickel — dust inhalation risk, skin sensitizer.",1
Ce4Ni15P12V5,Ce4Ni15P12V5,Ce4V5(Ni5P4)3,P; V; Ni; Ce,4,800,2,,natural,71987.0,monoclinic,Pm,inf,semiconductor,-8846.0,-112.0,thermal-mass; translucent-potential,"Vanadium — some compounds toxic; V₂O₅ requires care.; Nickel — dust inhalation risk, skin sensitizer.",1
Co6Sn23Sr1Y6,Co6Sn23Sr1Y6,SrY6Co6Sn23,Co; Sr; Y; Sn,4,1000,2,,natural,7455.0,trigonal,P-3m1,,semiconductor,-4075.0,3.0,thermal-mass,Cobalt — dust inhalation risk. Common in blue glazes.,1
Al19Ce2Fe4Si1,Al19Ce2Fe4Si1,Ce2Al19Fe4Si,Al; Si; Fe; Ce,4,750,2,,natural,42171.0,monoclinic,Cm,0.0021,semiconductor,-3679.0,-98.0,compression-strong; tension-capable; thermal-mass,[],0
Co6Zr14,Co6Zr14,Zr7Co3,Co; Zr,2,1200,2,,natural,69303.0,hexagonal,P6_3mc,0.0029,semiconductor,-2479.0,-92.0,thermal-mass; refractory,Cobalt — dust inhalation risk. Common in blue glazes.,0
C6Cr6Mn14W2Zn1,C6Cr6Mn14W2Zn1,Mn14ZnCr6(WC3)2,C; Cr; Mn; Zn; W,5,1200,2,,natural,89974.0,orthorhombic,Imm2,0.0005,semiconductor,-1091.0,-2.0,tension-capable; thermal-mass; refractory,Chromium — Cr⁶⁺ compounds toxic; Cr₂O₃ (green) is safer.; Manganese — dust inhalation risk at high temps.,0
Ba20P1Si11,Ba20P1Si11,Ba20Si11P,Si; P; Ba,3,1200,2,,natural,42845.0,tetragonal,P4,,semiconductor,-3721.0,-73.0,compression-strong; thermal-mass; refractory,Barium — soluble barium compounds toxic; BaSO₄/BaCO₃ safer in glazes.,0
Co2K1Na7O6,Co2K1Na7O6,KNa7(CoO3)2,O; Na; K; Co,4,800,2,,natural,26702.0,monoclinic,C2/m,1.0687,semiconductor,-1473.0,-43.0,thermal-mass; colored-decorative; electrically-functional,Cobalt — dust inhalation risk. Common in blue glazes.,0
Sb6Sr6Y2,Sb6Sr6Y2,Sr3YSb3,Sr; Y; Sb,3,1100,2,10,natural,50017.0,monoclinic,Cc,0.6958,semiconductor,-11536.0,-317.0,thermal-mass; electrically-functional,[],2
Ca2Nd8Si5Sn1,Ca2Nd8Si5Sn1,Ca2Nd8Si5Sn,Si; Ca; Sn; Nd,4,1200,2,,natural,56543.0,tetragonal,I422,0.0025,semiconductor,-6358.0,-466.0,compression-strong; thermal-mass; refractory,[],1
Ba6Ce2O18Pb4,Ba6Ce2O18Pb4,Ba3CePb2O9,O; Ba; Ce; Pb,4,1000,4,,natural,72791.0,triclinic,P-1,1.0838,semiconductor,-26211.0,-177.0,thermal-mass; colored-decorative; electrically-functional,"Barium — soluble barium compounds toxic; BaSO₄/BaCO₃ safer in glazes.; Lead — requires PPE, ventilation. Traditional in glazes.",1
Cu2Nd1O16S4,Cu2Nd1O16S4,NdCu2(SO4)4,O; S; Cu; Nd,4,950,4,,natural,3262.0,monoclinic,C2/m,0.0012,semiconductor,-19104.0,-7.0,colored-decorative; lightweight,[],1
Ba4P6Sr2,Ba4P6Sr2,Ba2SrP3,P; Sr; Ba,3,1000,4,,natural,39275.0,orthorhombic,Amm2,,semiconductor,-10176.0,-123.0,thermal-mass,Barium — soluble barium compounds toxic; BaSO₄/BaCO₃ safer in glazes.,0
Ca9La1Si5Sn1,Ca9La1Si5Sn1,Ca9LaSi5Sn,Si; Ca; Sn; La,4,1000,2,,natural,2817.0,triclinic,P1,,semiconductor,-5581.0,-368.0,lightweight; refractory,[],1
Al8K1Sn6Sr21,Al8K1Sn6Sr21,KSr21(Al4Sn3)2,Al; K; Sr; Sn,4,750,2,,natural,35336.0,cubic,Fm-3m,0.0257,semiconductor,-4034.0,-16.0,thermal-mass,[],0
Cu2Sb18Zr10,Cu2Sb18Zr10,Zr5CuSb9,Cu; Zr; Sb,3,1100,2,,natural,75924.0,tetragonal,P4/n,0.0033,semiconductor,-6531.0,-9.0,thermal-mass; refractory,[],1
Al1Sb5Zn2Zr10,Al1Sb5Zn2Zr10,Zr10AlZn2Sb5,Al; Zn; Zr; Sb,4,200,2,,natural,73609.0,orthorhombic,Amm2,0.0007,semiconductor,-7329.0,-107.0,tension-capable; thermal-mass,[],1
Co3Nb3Se12V1,Co3Nb3Se12V1,Nb3V(CoSe4)3,V; Co; Se; Nb,4,800,2,,natural,56481.0,monoclinic,Cm,0.0005,semiconductor,-943.0,-227.0,thermal-mass,Vanadium — some compounds toxic; V₂O₅ requires care.; Cobalt — dust inhalation risk. Common in blue glazes.; Selenium — fumes toxic; good ventilation required.,3
B4Fe10Nb2Ti4,B4Fe10Nb2Ti4,Ti2NbFe5B2,B; Ti; Fe; Nb,4,1200,2,,natural,74184.0,orthorhombic,Cmmm,0.0015,semiconductor,-463.0,-151.0,tension-capable; thermal-mass; refractory,[],1
Bi6Nd2Sr6,Bi6Nd2Sr6,Sr3NdBi3,Sr; Nd; Bi,3,800,2,,natural,66639.0,monoclinic,Cc,0.4506,semiconductor,-9218.0,-276.0,thermal-mass,[],1
Mg2Mo6Ni2O24Zn2,Mg2Mo6Ni2O24Zn2,MgZnNi(MoO4)3,O; Mg; Ni; Zn; Mo,5,800,4,,natural,38817.0,triclinic,P-1,3.6773,semiconductor,-20366.0,-98.0,thermal-mass; translucent-potential; colored-decorative,"Nickel — dust inhalation risk, skin sensitizer.",0
Ce8Si6W2,Ce8Si6W2,Ce4Si3W,Si; Ce; W,3,200,2,,natural,79648.0,tetragonal,I4/mcm,,semiconductor,-5358.0,-385.0,compression-strong; thermal-mass,[],0
Bi8Ca12La8Sn8,Bi8Ca12La8Sn8,Ca3La2(SnBi)2,Ca; Sn; La; Bi,4,800,2,,natural,59649.0,orthorhombic,Pnma,,semiconductor,-8735.0,-438.0,thermal-mass,[],1
Cr2Fe2La2O16Sr6,Cr2Fe2La2O16Sr6,Sr3LaCrFeO8,O; Cr; Fe; Sr; La,5,1200,4,,natural,55212.0,orthorhombic,Amm2,0.9822,semiconductor,-28577.0,-28.0,thermal-mass; colored-decorative; refractory; electrically-functional,Chromium — Cr⁶⁺ compounds toxic; Cr₂O₃ (green) is safer.,1
Al2Pb1Sn5Zr10,Al2Pb1Sn5Zr10,Zr10Al2Sn5Pb,Al; Zr; Sn; Pb,4,800,2,,natural,74378.0,orthorhombic,Amm2,,semiconductor,-5586.0,6.0,thermal-mass,"Lead — requires PPE, ventilation. Traditional in glazes.",1
Bi3Ni4Sb1Zr3,Bi3Ni4Sb1Zr3,Zr3Ni4Bi3Sb,Ni; Zr; Sb; Bi,4,1000,2,10,natural,87232.0,orthorhombic,Fmm2,0.7786,semiconductor,-46.0,-266.0,thermal-mass; refractory; electrically-functional,"Nickel — dust inhalation risk, skin sensitizer.",1
Co16Y6,Co16Y6,Y3Co8,Co; Y,2,1200,2,,natural,72018.0,cubic,Im-3m,0.0004,semiconductor,-1753.0,-205.0,thermal-mass,Cobalt — dust inhalation risk. Common in blue glazes.,1
Co1Mg1O14Pb4Si4,Co1Mg1O14Pb4Si4,MgCoSi4(Pb2O7)2,O; Mg; Si; Co; Pb,5,800,1,,natural,58239.0,tetragonal,P-4,2.5194,semiconductor,-25398.0,-65.0,compression-strong; thermal-mass; translucent-potential; colored-decorative; electrically-functional,"Cobalt — dust inhalation risk. Common in blue glazes.; Lead — requires PPE, ventilation. Traditional in glazes.",1
Ba6Co1Mn4O15,Ba6Co1Mn4O15,Ba6Mn4CoO15,O; Mn; Co; Ba,4,1000,4,,natural,57032.0,triclinic,P1,1.7471,semiconductor,-24691.0,-52.0,thermal-mass; colored-decorative; electrically-functional,Manganese — dust inhalation risk at high temps.; Cobalt — dust inhalation risk. Common in blue glazes.; Barium — soluble barium compounds toxic; BaSO₄/BaCO₃ safer in glazes.,0
Co16Nb1Si7Ti4W1,Co16Nb1Si7Ti4W1,Ti4NbCo16Si7W,Si; Ti; Co; Nb; W,5,1200,2,,natural,78172.0,tetragonal,I4mm,,semiconductor,-5673.0,-236.0,compression-strong; thermal-mass; refractory,Cobalt — dust inhalation risk. Common in blue glazes.,1
Al1Ca1Cu4,Al1Ca1Cu4,CaAlCu4,Al; Ca; Cu,3,1000,,,natural,55636.0,orthorhombic,Cmmm,0.0009,semiconductor,-2137.0,-356.0,tension-capable; thermal-mass; refractory,[],0
Ce1Li2Sb4Y1,Ce1Li2Sb4Y1,Li2CeYSb4,Li; Y; Sb; Ce,4,800,4,,natural,60818.0,tetragonal,P4mm,0.0032,semiconductor,-9107.0,-181.0,thermal-mass,[],2
Al1B6Ni20Zn2,Al1B6Ni20Zn2,AlZn2(Ni10B3)2,B; Al; Ni; Zn,4,600,2,,natural,80345.0,cubic,Fm-3m,0.0131,semiconductor,-3232.0,-8.0,thermal-mass,"Nickel — dust inhalation risk, skin sensitizer.",0
Bi6La7Nd3P2,Bi6La7Nd3P2,La7Nd3(Bi3P)2,P; La; Nd; Bi,4,1200,2,,natural,79863.0,trigonal,P312,0.0036,semiconductor,-10826.0,-285.0,thermal-mass,[],2
Ni16Si12V3Y5,Ni16Si12V3Y5,Y5V3(Si3Ni4)4,Si; V; Ni; Y,4,1200,2,,natural,62275.0,hexagonal,P-62m,inf,semiconductor,-7478.0,-148.0,compression-strong; thermal-mass; translucent-potential; refractory,"Vanadium — some compounds toxic; V₂O₅ requires care.; Nickel — dust inhalation risk, skin sensitizer.",2
Al2Li28Si7Sn1,Al2Li28Si7Sn1,Li28Al2Si7Sn,Li; Al; Si; Sn,4,200,,,natural,15674.0,triclinic,P1,0.0025,semiconductor,-2588.0,-115.0,compression-strong; tension-capable; thermal-mass,[],0
B4Mo2Nb8P2,B4Mo2Nb8P2,Nb4B2MoP,B; P; Nb; Mo,4,1200,4,,natural,78597.0,tetragonal,I4/mcm,0.0003,semiconductor,-7396.0,-311.0,thermal-mass; refractory,[],1
Li1Ni20P6Zn2,Li1Ni20P6Zn2,LiZn2(Ni10P3)2,Li; P; Ni; Zn,4,800,2,,natural,74406.0,cubic,Fm-3m,0.011,semiconductor,-4303.0,-81.0,thermal-mass,"Nickel — dust inhalation risk, skin sensitizer.",0
Na2Nb6S12,Na2Nb6S12,Na(NbS2)3,Na; S; Nb,3,800,4,,natural,37457.0,hexagonal,P6_322,0.0069,semiconductor,-14631.0,-389.0,thermal-mass,[],1
Bi3Ni1Sn3Zn1Zr10,Bi3Ni1Sn3Zn1Zr10,Zr10ZnNi(SnBi)3,Ni; Zn; Zr; Sn; Bi,5,650,,,natural,84827.0,trigonal,P31m,0.0028,semiconductor,-5116.0,-278.0,tension-capable; thermal-mass,"Nickel — dust inhalation risk, skin sensitizer.",0
Ba10Ni1Si17,Ba10Ni1Si17,Ba10Si17Ni,Si; Ni; Ba,3,1100,2,,natural,42125.0,monoclinic,Cm,,semiconductor,-3822.0,-223.0,compression-strong; thermal-mass; refractory,"Nickel — dust inhalation risk, skin sensitizer.; Barium — soluble barium compounds toxic; BaSO₄/BaCO₃ safer in glazes.",0
Co3Fe9Nd2P7,Co3Fe9Nd2P7,Nd2Fe9Co3P7,P; Fe; Co; Nd,4,1200,2,,natural,75947.0,hexagonal,P-6,0.0032,semiconductor,-7.0,-269.0,tension-capable; thermal-mass,Cobalt — dust inhalation risk. Common in blue glazes.,1
Cu1Nb4Sn6Zn1Zr6,Cu1Nb4Sn6Zn1Zr6,Zr6Nb4ZnCuSn6,Cu; Zn; Zr; Nb; Sn,5,100,2,,natural,80124.0,trigonal,P-31m,0.0049,semiconductor,-4431.0,-28.0,tension-capable; thermal-mass,[],1
Ba6Ni2O12Y2,Ba6Ni2O12Y2,Ba3YNiO6,O; Ni; Y; Ba,4,1100,4,,natural,60069.0,trigonal,R-3c,0.0005,semiconductor,-27229.0,-78.0,thermal-mass; colored-decorative,"Nickel — dust inhalation risk, skin sensitizer.; Barium — soluble barium compounds toxic; BaSO₄/BaCO₃ safer in glazes.",1
C2Mo12Ni5Si7,C2Mo12Ni5Si7,Si7Ni5(Mo6C)2,C; Si; Ni; Mo,4,300,2,,natural,82954.0,trigonal,R3m,0.0007,semiconductor,-3981.0,-258.0,compression-strong; tension-capable; thermal-mass,"Nickel — dust inhalation risk, skin sensitizer.",0
Bi8O20Ti1V3,Bi8O20Ti1V3,TiV3(Bi2O5)4,O; Ti; V; Bi,4,900,4,,natural,72273.0,monoclinic,Pm,1.7332,semiconductor,-20854.0,-87.0,compression-strong; thermal-mass; colored-decorative; electrically-functional,Vanadium — some compounds toxic; V₂O₅ requires care.,1
Na1Nd5S8,Na1Nd5S8,NaNd5S8,Na; S; Nd,3,800,3,,natural,52212.0,tetragonal,I-4,,semiconductor,-22692.0,9.0,thermal-mass,[],1
B4Ca2Fe2Mn2O12,B4Ca2Fe2Mn2O12,CaMnFe(BO3)2,B; O; Ca; Mn; Fe,5,1200,4,,natural,35574.0,orthorhombic,Pnn2,3.1463,semiconductor,-26354.0,-49.0,compression-strong; thermal-mass; translucent-potential; colored-decorative; electrically-functional,Manganese — dust inhalation risk at high temps.,0
