id,formula,reduced_formula,elements,n_elements,nsites,volume,density,crystal_system,space_group,space_group_number,point_group,dimensionality,corrected_energy,formation_energy_per_atom,decomposition_energy_per_atom,decomposition_energy_relative,bandgap_ev,bandgap_type,gnome_material_id,source,data_version,created_at
Cs1S6Zr3,Cs1S6Zr3,Cs(ZrS2)3,S; Zr; Cs,3,10,3029202.0,32834.0,monoclinic,C2/m,12,2/m,intercalated ion,-704155.0,-19058.0,-1625.0,-56.0,0.0023,semiconductor,000006a8c4,Acadia Nanoforge Database,1.0,2025-10-30T15:11:14.168155Z
B24Na1Nd2Pr1,B24Na1Nd2Pr1,NaPr(NdB12)2,B; Na; Pr; Nd,4,28,2846332.0,41529.0,orthorhombic,Cmmm,65,mmm,intercalated ion,-1874655.0,-4114.0,-381.0,1.0,0.0526,semiconductor,0000a1b980,Acadia Nanoforge Database,1.0,2025-10-30T15:11:14.171445Z
Er8Ge4Si12Zr12,Er8Ge4Si12Zr12,Er2Zr3Si3Ge,Si; Ge; Zr; Er,4,36,7275283.0,69851.0,triclinic,P1,1,1,3D,-2540953.0,-8718.0,-186.0,-1.0,inf,semiconductor,0001759321,Acadia Nanoforge Database,1.0,2025-10-30T15:11:14.174606Z
Bi1Er8Ni5Y4,Bi1Er8Ni5Y4,Y4Er8Ni5Bi,Ni; Y; Er; Bi,4,18,4483358.0,8134.0,orthorhombic,Immm,71,mmm,3D,-1021835.0,-3881.0,-25.0,-4.0,0.0021,semiconductor,0001803dde,Acadia Nanoforge Database,1.0,2025-10-30T15:11:14.177230Z
Bi1Sm1Sn15Tm19,Bi1Sm1Sn15Tm19,SmTm19Sn15Bi,Sn; Sm; Tm; Bi,4,36,9883794.0,89879.0,triclinic,P1,1,1,3D,-1791324.0,-7039.0,-25.0,9.0,,semiconductor,00018c7897,Acadia Nanoforge Database,1.0,2025-10-30T15:11:14.179987Z
Co4Ga1Gd4In1Tb8,Co4Ga1Gd4In1Tb8,Tb8Gd4InGaCo4,Co; Ga; In; Gd; Tb,5,18,451756.0,85302.0,orthorhombic,Immm,71,mmm,3D,-1326393.0,-2804.0,-315.0,-8.0,,semiconductor,00019facb3,Acadia Nanoforge Database,1.0,2025-10-30T15:11:14.182671Z
Er2P6Ru12Si1,Er2P6Ru12Si1,Er2Si(PRu2)6,Si; P; Ru; Er,4,21,3043722.0,96089.0,hexagonal,P-6,174,-6,3D,-1739893.0,-7455.0,-232.0,-44.0,0.0059,semiconductor,0001bfac1b,Acadia Nanoforge Database,1.0,2025-10-30T15:11:14.185484Z
As1Cu4Sc3Si1,As1Cu4Sc3Si1,Sc3Cu4SiAs,Si; Sc; Cu; As,4,9,1419059.0,57579.0,hexagonal,P-6,174,-6,,-510533.0,-6194.0,-126.0,-26.0,,semiconductor,00025f7488,Acadia Nanoforge Database,1.0,2025-10-30T15:11:14.188211Z
Cd4Co1Ni3Tb4Y12,Cd4Co1Ni3Tb4Y12,Tb4Y12Cd4CoNi3,Co; Ni; Y; Cd; Tb,5,24,6250173.0,63424.0,trigonal,R3m,160,3m,3D,-1312561.0,-2909.0,-68.0,1.0,0.0012,semiconductor,000388c7bb,Acadia Nanoforge Database,1.0,2025-10-30T15:11:14.191122Z
Ca4O16Ru3W1,Ca4O16Ru3W1,Ca4Ru3WO16,O; Ca; Ru; W,4,24,3334912.0,4498.0,triclinic,P1,1,1,intercalated ion,-1816907.0,-22383.0,-136.0,-12.0,0.0014,semiconductor,0004ee570b,Acadia Nanoforge Database,1.0,2025-10-30T15:11:14.193743Z
Be2Co7Tm3,Be2Co7Tm3,Tm3Be2Co7,Be; Co; Tm,3,12,1616304.0,96301.0,trigonal,R-3m,166,-3m,intercalated ion,-740948.0,-2859.0,-124.0,-47.0,0.0024,semiconductor,0004ff10f9,Acadia Nanoforge Database,1.0,2025-10-30T15:11:14.196521Z
B24Ca1Ru4Y7,B24Ca1Ru4Y7,CaY7(B6Ru)4,B; Ca; Y; Ru,4,36,3878003.0,56786.0,monoclinic,Pm,6,m,intercalated ion,-2673327.0,-6294.0,-13.0,-11.0,0.0118,semiconductor,00053cdba6,Acadia Nanoforge Database,1.0,2025-10-30T15:11:14.199043Z
Sc18Tc6V2,Sc18Tc6V2,Sc9VTc3,Sc; V; Tc,3,26,5297063.0,46994.0,hexagonal,P6_3/mmc,194,6/mmm,3D,-1987908.0,-1721.0,-444.0,-56.0,0.0027,semiconductor,0005d6281e,Acadia Nanoforge Database,1.0,2025-10-30T15:11:14.201620Z
B6Er4Mn2Pa1,B6Er4Mn2Pa1,Er4Pa(MnB3)2,B; Mn; Er; Pa,4,13,1853869.0,96273.0,trigonal,R-3m,166,-3m,3D,-936139.0,-5714.0,-925.0,-807.0,0.0017,semiconductor,00064a0e7a,Acadia Nanoforge Database,1.0,2025-10-30T15:11:14.204542Z
Ga4Li1Ru3Sm4,Ga4Li1Ru3Sm4,LiSm4Ga4Ru3,Li; Ga; Ru; Sm,4,12,2438018.0,81084.0,monoclinic,Pm,6,m,intercalated ion,-665945.0,-4896.0,-475.0,-223.0,0.0058,semiconductor,00073791f5,Acadia Nanoforge Database,1.0,2025-10-30T15:11:14.207175Z
Ag1Ga2In1Mg2Y3,Ag1Ga2In1Mg2Y3,Y3Mg2InGa2Ag,Mg; Ga; Y; Ag; In,5,9,2059845.0,54613.0,orthorhombic,Amm2,38,mm2,3D,-387863.0,-5051.0,-148.0,-11.0,0.0044,semiconductor,000781d28d,Acadia Nanoforge Database,1.0,2025-10-30T15:11:14.209779Z
Al2Cs4Ga2Ge4Se16,Al2Cs4Ga2Ge4Se16,Cs2AlGa(GeSe4)2,Al; Ga; Ge; Se; Cs,5,28,9890978.0,3826.0,monoclinic,P2_1,4,2,intercalated ion,-1201189.0,-10201.0,-548.0,5.0,,semiconductor,0008017d9e,Acadia Nanoforge Database,1.0,2025-10-30T15:11:14.212293Z
Co12Ni8P12Tb4,Co12Ni8P12Tb4,TbCo3Ni2P3,P; Co; Ni; Tb,4,36,4465068.0,81227.0,orthorhombic,Pnma,62,mmm,3D,-2456504.0,-8503.0,-252.0,-25.0,0.0023,semiconductor,00093dbe6a,Acadia Nanoforge Database,1.0,2025-10-30T15:11:14.214874Z
Bi8Ga4Tb13Y7,Bi8Ga4Tb13Y7,Tb13Y7(GaBi2)4,Ga; Y; Tb; Bi,4,32,9211967.0,83624.0,monoclinic,Pm,6,m,3D,-1699346.0,-6622.0,-113.0,3.0,0.0012,semiconductor,000a0b7cb3,Acadia Nanoforge Database,1.0,2025-10-30T15:11:14.217366Z
B2Cu5Nd1Ni8Sr2,B2Cu5Nd1Ni8Sr2,Sr2NdCu5(Ni4B)2,B; Ni; Cu; Sr; Nd,5,18,2555037.0,73334.0,orthorhombic,Cmmm,65,mmm,3D,-928873.0,-258.0,-212.0,-14.0,0.0032,semiconductor,000a208383,Acadia Nanoforge Database,1.0,2025-10-30T15:11:14.220003Z
Nb8S16Zr2,Nb8S16Zr2,Zr(NbS2)4,S; Zr; Nb,3,26,5089093.0,46945.0,hexagonal,P6_3/mmc,194,6/mmm,,-2045524.0,-15563.0,-487.0,-153.0,,semiconductor,000a5cd7c6,Acadia Nanoforge Database,1.0,2025-10-30T15:11:14.222874Z
Ag5La1Zn7,Ag5La1Zn7,LaZn7Ag5,Zn; Ag; La,3,13,2289017.0,82418.0,orthorhombic,Imm2,44,mm2,3D,-305102.0,-1995.0,-184.0,6.0,,semiconductor,000ac4e4b5,Acadia Nanoforge Database,1.0,2025-10-30T15:11:14.225420Z
Cu1Ge3La2Mg3Zn2,Cu1Ge3La2Mg3Zn2,La2Mg3Zn2CuGe3,Mg; Cu; Zn; Ge; La,5,11,2298635.0,5512.0,orthorhombic,Amm2,38,mm2,3D,-403584.0,-4725.0,-196.0,9.0,0.0007,semiconductor,000ad30f55,Acadia Nanoforge Database,1.0,2025-10-30T15:11:14.227905Z
Eu1Li4Nd3O16Sr8,Eu1Li4Nd3O16Sr8,Sr8Li4Nd3EuO16,Li; O; Sr; Nd; Eu,5,32,4887931.0,53316.0,monoclinic,Pm,6,m,intercalated ion,-2237477.0,-30885.0,-289.0,-17.0,0.0108,semiconductor,000b556e59,Acadia Nanoforge Database,1.0,2025-10-30T15:11:14.230573Z
Bi8P4Tm18Y2,Bi8P4Tm18Y2,YTm9(Bi2P)2,P; Y; Tm; Bi,4,32,8400648.0,99118.0,orthorhombic,Pmc2_1,26,mm2,,-172894.0,-832.0,-85.0,2.0,,semiconductor,000b6006cb,Acadia Nanoforge Database,1.0,2025-10-30T15:11:14.233477Z
Ag3Er10In1Ni4Y6,Ag3Er10In1Ni4Y6,Y6Er10InNi4Ag3,Ni; Y; Ag; In; Er,5,24,5931481.0,80605.0,trigonal,R3m,160,3m,3D,-1265886.0,-3226.0,-18.0,-1.0,,semiconductor,000bbe5337,Acadia Nanoforge Database,1.0,2025-10-30T15:11:14.236246Z
As1Ge2Nb4P1Zr4,As1Ge2Nb4P1Zr4,Zr4Nb4Ge2AsP,P; Ge; As; Zr; Nb,5,12,2208538.0,74262.0,monoclinic,Pm,6,m,3D,-1038718.0,-8298.0,-625.0,6.0,0.0044,semiconductor,000c71488c,Acadia Nanoforge Database,1.0,2025-10-30T15:11:14.238871Z
Ca1La6O3Si8Y3,Ca1La6O3Si8Y3,CaLa6Y3Si8O3,O; Si; Ca; Y; La,5,21,457494.0,51284.0,orthorhombic,Amm2,38,mm2,intercalated ion,-1411299.0,-15173.0,-274.0,0.0,0.0032,semiconductor,000d87f1cd,Acadia Nanoforge Database,1.0,2025-10-30T15:11:14.241872Z
C6Cr11Mn9Mo2Si1,C6Cr11Mn9Mo2Si1,Mn9Cr11Si(MoC3)2,C; Si; Cr; Mn; Mo,5,29,2942725.0,76654.0,orthorhombic,Imm2,44,mm2,3D,-2752363.0,-142.0,-149.0,4.0,0.0003,semiconductor,000ec0af31,Acadia Nanoforge Database,1.0,2025-10-30T15:11:14.244664Z
Al20Nd1Ru4Tm1,Al20Nd1Ru4Tm1,NdTm(Al5Ru)4,Al; Ru; Nd; Tm,4,26,4295073.0,48601.0,orthorhombic,Amm2,38,mm2,3D,-1345909.0,-513.0,-144.0,5.0,0.0075,semiconductor,000f231f87,Acadia Nanoforge Database,1.0,2025-10-30T15:11:14.247724Z
Cd6Li2Ru2Tb9Y9,Cd6Li2Ru2Tb9Y9,Li2Tb9Y9(Cd3Ru)2,Li; Y; Ru; Cd; Tb,5,28,7601373.0,68178.0,trigonal,P3m1,156,3m,intercalated ion,-1354213.0,-2718.0,-229.0,1.0,,semiconductor,000f71d36e,Acadia Nanoforge Database,1.0,2025-10-30T15:11:14.409325Z
Cu2Er6Ge1Si5,Cu2Er6Ge1Si5,Er6Cu2Si5Ge,Si; Cu; Ge; Er,4,14,2758293.0,80894.0,monoclinic,Cm,8,m,3D,-777132.0,-7399.0,-15.0,-5.0,0.0023,semiconductor,000fa6264b,Acadia Nanoforge Database,1.0,2025-10-30T15:11:14.412015Z
Be24Ce1Cu2Nd1,Be24Ce1Cu2Nd1,CeNd(Be12Cu)2,Be; Cu; Ce; Nd,4,28,2791767.0,37338.0,monoclinic,C2,5,2,intercalated ion,-1133359.0,-1675.0,-114.0,-14.0,0.0031,semiconductor,0011530129,Acadia Nanoforge Database,1.0,2025-10-30T15:11:14.415289Z
Pa10Sb7Sn1,Pa10Sb7Sn1,Pa10SnSb7,Sn; Sb; Pa,3,18,4664648.0,116812.0,trigonal,P-31m,162,-3m,3D,-1378468.0,-5438.0,-607.0,-37.0,0.0003,semiconductor,0012856261,Acadia Nanoforge Database,1.0,2025-10-30T15:11:14.418717Z
Gd2In6Nd1O18Pr3,Gd2In6Nd1O18Pr3,Pr3NdGd2In6O18,O; In; Pr; Nd; Gd,5,30,4619479.0,66802.0,trigonal,P3,143,3,3D,-2401811.0,-29115.0,-131.0,1.0,1.8913,semiconductor,00134446a0,Acadia Nanoforge Database,1.0,2025-10-30T15:11:14.421331Z
Co16Er5Li2P12Tm1,Co16Er5Li2P12Tm1,Li2Er5Tm(Co4P3)4,Li; P; Co; Er; Tm,5,36,4719992.0,82103.0,monoclinic,Pm,6,m,intercalated ion,-2447563.0,-9703.0,-162.0,-3.0,0.0036,semiconductor,0013630590,Acadia Nanoforge Database,1.0,2025-10-30T15:11:14.424249Z
Li4Nd3Si4Sn2Tm1,Li4Nd3Si4Sn2Tm1,Li4Nd3Tm(Si2Sn)2,Li; Si; Sn; Nd; Tm,5,14,2896339.0,56139.0,orthorhombic,Amm2,38,mm2,intercalated ion,-653419.0,-6575.0,-569.0,-79.0,0.0077,semiconductor,0013a69d85,Acadia Nanoforge Database,1.0,2025-10-30T15:11:14.426967Z
Si6Tb8Tm2,Si6Tb8Tm2,Tb4TmSi3,Si; Tb; Tm,3,16,3945791.0,74816.0,trigonal,P-31m,162,-3m,3D,-890232.0,-6528.0,-35.0,-3.0,0.0046,semiconductor,001463909c,Acadia Nanoforge Database,1.0,2025-10-30T15:11:14.429841Z
Li3Pr8Ru1Si12,Li3Pr8Ru1Si12,Li3Pr8Si12Ru,Li; Si; Ru; Pr,4,24,5119579.0,51448.0,trigonal,P3m1,156,3m,intercalated ion,-1344027.0,-6688.0,-265.0,-56.0,0.0097,semiconductor,00157c1495,Acadia Nanoforge Database,1.0,2025-10-30T15:11:14.432595Z
Cu2Ru2Si4Tb2Tm2,Cu2Ru2Si4Tb2Tm2,TbTmCuSi2Ru,Si; Cu; Ru; Tb; Tm,5,12,2141035.0,85104.0,monoclinic,P2_1/m,11,2/m,3D,-758542.0,-7654.0,-111.0,-24.0,0.0057,semiconductor,0016e20fb5,Acadia Nanoforge Database,1.0,2025-10-30T15:11:14.435633Z
Co5Er3In1Tm9,Co5Er3In1Tm9,Er3Tm9InCo5,Co; In; Er; Tm,4,18,4178935.0,96625.0,monoclinic,Cm,8,m,3D,-973159.0,-2798.0,-338.0,0.0,,semiconductor,0017327020,Acadia Nanoforge Database,1.0,2025-10-30T15:11:14.438348Z
Pb16Pr16Sm3Tm1,Pb16Pr16Sm3Tm1,Pr16Sm3TmPb16,Pr; Sm; Tm; Pb,4,36,11835377.0,86844.0,monoclinic,Pm,6,m,,-1753524.0,-5784.0,-78.0,-14.0,,semiconductor,00174ce41e,Acadia Nanoforge Database,1.0,2025-10-30T15:11:14.441498Z
C12Fe2Nd6Ti2,C12Fe2Nd6Ti2,Nd3TiFeC6,C; Ti; Fe; Nd,4,22,3159809.0,63956.0,hexagonal,P6_3/m,176,6/m,3D,-1792684.0,-3276.0,-662.0,-357.0,0.0077,semiconductor,001756dfcf,Acadia Nanoforge Database,1.0,2025-10-30T15:11:14.444266Z
C18Fe12Y11,C18Fe12Y11,Y11(Fe2C3)6,C; Fe; Y,3,41,5266229.0,58785.0,cubic,I-43m,217,-43m,3D,-3509893.0,-296.0,-586.0,-584.0,,semiconductor,00176cd839,Acadia Nanoforge Database,1.0,2025-10-30T15:11:14.447024Z
Er3Ru6Si10Tb1,Er3Ru6Si10Tb1,TbEr3(Si5Ru3)2,Si; Ru; Tb; Er,4,20,3266593.0,7869.0,monoclinic,Cm,8,m,,-1445027.0,-8133.0,358.0,3.0,,semiconductor,0018123acb,Acadia Nanoforge Database,1.0,2025-10-30T15:11:14.449613Z
Ni6Sc1W1,Ni6Sc1W1,ScNi6W,Sc; Ni; W,3,8,975093.0,98934.0,hexagonal,P-6m2,187,-6m2,3D,-561717.0,-275.0,-123.0,0.0,0.0067,semiconductor,00183cbe80,Acadia Nanoforge Database,1.0,2025-10-30T15:11:14.452183Z
Bi9Er19Sb3Sc1,Bi9Er19Sb3Sc1,Er19Sc(Bi3Sb)3,Sc; Sb; Er; Bi,4,32,90735.0,100088.0,triclinic,P1,1,1,3D,-1637844.0,-7271.0,-66.0,8.0,0.0044,semiconductor,00185e3d92,Acadia Nanoforge Database,1.0,2025-10-30T15:11:14.454830Z
Cd4Er6Ni2Tc2Tm10,Cd4Er6Ni2Tc2Tm10,Er3Tm5Cd2TcNi,Ni; Tc; Cd; Er; Tm,5,24,6024166.0,95261.0,orthorhombic,Imm2,44,mm2,3D,-1144582.0,-2634.0,-228.0,6.0,0.0017,semiconductor,001a5c230d,Acadia Nanoforge Database,1.0,2025-10-30T15:11:14.457623Z
In4Se16Tc12,In4Se16Tc12,InTc3Se4,Se; Tc; In,3,32,9529049.0,50512.0,monoclinic,P2_1/c,14,2/m,3D,-2136699.0,-7.0,-4495.0,-5.0,,semiconductor,001aa9851c,Acadia Nanoforge Database,1.0,2025-10-30T15:11:14.460392Z
Co1Mo2Ti8,Co1Mo2Ti8,Ti8CoMo2,Ti; Co; Mo,3,11,1767311.0,59546.0,monoclinic,C2/m,12,2/m,3D,-933097.0,-1224.0,-9.0,8.0,0.0024,semiconductor,001ad01bfc,Acadia Nanoforge Database,1.0,2025-10-30T15:11:14.463286Z
Ge1Hg2Mg3Y3,Ge1Hg2Mg3Y3,Y3Mg3Hg2Ge,Mg; Ge; Y; Hg,4,9,2128836.0,63451.0,hexagonal,P-6,174,-6,3D,-33842.0,-4901.0,-204.0,-29.0,0.0143,semiconductor,001afe6bfb,Acadia Nanoforge Database,1.0,2025-10-30T15:11:14.465728Z
Be8C2Co3Mo12Ni1,Be8C2Co3Mo12Ni1,Be8Co3Ni(Mo6C)2,Be; C; Co; Ni; Mo,5,26,3031195.0,81235.0,trigonal,R-3m,166,-3m,intercalated ion,-2128376.0,-2775.0,-661.0,-1.0,0.0014,semiconductor,001b598461,Acadia Nanoforge Database,1.0,2025-10-30T15:11:14.468218Z
As4Nb3V4Zr1,As4Nb3V4Zr1,ZrNb3(VAs)4,V; As; Zr; Nb,4,12,1895462.0,76515.0,monoclinic,Pm,6,m,3D,-1011729.0,-6124.0,-79.0,-1.0,0.0034,semiconductor,001bbd52ba,Acadia Nanoforge Database,1.0,2025-10-30T15:11:14.470677Z
La4Si4Tb1Tm1,La4Si4Tb1Tm1,La4TbTmSi4,Si; La; Tb; Tm,4,10,2672679.0,61871.0,tetragonal,P4/m,83,4/m,3D,-570641.0,-6509.0,-147.0,2.0,0.001,semiconductor,001bfc3301,Acadia Nanoforge Database,1.0,2025-10-30T15:11:14.473235Z
Er8Hg1Nb1Si16Ti10,Er8Hg1Nb1Si16Ti10,Er8Ti10NbSi16Hg,Si; Ti; Nb; Er; Hg,5,36,6395965.0,66453.0,monoclinic,C2,5,2,3D,-2406005.0,-7748.0,-207.0,-7.0,inf,semiconductor,001d6331e2,Acadia Nanoforge Database,1.0,2025-10-30T15:11:14.475746Z
Co6Ni12P12Sc6,Co6Ni12P12Sc6,ScCo(NiP)2,P; Sc; Co; Ni,4,36,4519851.0,62432.0,orthorhombic,Pmmn,59,mmm,3D,-2490323.0,-9463.0,-362.0,-76.0,0.0035,semiconductor,001d7b3a1d,Acadia Nanoforge Database,1.0,2025-10-30T15:11:14.478175Z
Nd8Ru4Tm1Y1,Nd8Ru4Tm1Y1,Nd8YTmRu4,Y; Ru; Nd; Tm,4,14,3907514.0,77175.0,monoclinic,C2,5,2,3D,-896993.0,-251.0,-15.0,1.0,0.0012,semiconductor,001d7c194a,Acadia Nanoforge Database,1.0,2025-10-30T15:11:14.481144Z
Cs4Mg2Se8Ti2,Cs4Mg2Se8Ti2,Cs2MgTiSe4,Mg; Ti; Se; Cs,4,16,6112849.0,35522.0,orthorhombic,Fddd,70,mmm,intercalated ion,-746682.0,-1508.0,-1487.0,-48.0,1.7973,semiconductor,001de430cb,Acadia Nanoforge Database,1.0,2025-10-30T15:11:14.484776Z
Cs4Ge4La1Nd3Se16,Cs4Ge4La1Nd3Se16,Cs4LaNd3(GeSe4)4,Ge; Se; Cs; La; Nd,5,28,9470502.0,4659.0,triclinic,P1,1,1,intercalated ion,-1374632.0,-14362.0,-321.0,0.0,1.6679,semiconductor,001e7a0d7b,Acadia Nanoforge Database,1.0,2025-10-30T15:11:14.487519Z
Sc11Si16Sm5Tb3Tc1,Sc11Si16Sm5Tb3Tc1,Tb3Sm5Sc11Si16Tc,Si; Sc; Tc; Sm; Tb,5,36,7321859.0,51492.0,triclinic,P1,1,1,3D,-2331198.0,-8.0,-227.0,7.0,0.0018,semiconductor,001e7e3bf4,Acadia Nanoforge Database,1.0,2025-10-30T15:11:14.489986Z
La3Li4Pr1Si8,La3Li4Pr1Si8,Li4La3PrSi8,Li; Si; La; Pr,4,16,3271918.0,41112.0,monoclinic,Pm,6,m,intercalated ion,-798336.0,-5754.0,-423.0,-198.0,0.017,semiconductor,001fe2d64e,Acadia Nanoforge Database,1.0,2025-10-30T15:11:14.492465Z
Bi4Co4Nd20Sn4,Bi4Co4Nd20Sn4,Nd5CoSnBi,Co; Sn; Nd; Bi,4,32,9574348.0,76855.0,triclinic,P1,1,1,3D,-1722452.0,-5266.0,-98.0,-1.0,0.0013,semiconductor,0020430af5,Acadia Nanoforge Database,1.0,2025-10-30T15:11:14.495092Z
Al6Mo3Ru12Ti3,Al6Mo3Ru12Ti3,TiAl2MoRu4,Al; Ti; Mo; Ru,4,24,3426733.0,87523.0,orthorhombic,Pmmm,47,mmm,3D,-2046847.0,-6123.0,-51.0,-116.0,0.0025,semiconductor,00216b926e,Acadia Nanoforge Database,1.0,2025-10-30T15:11:14.497746Z
Nd5Pr1Sn6Tm4,Nd5Pr1Sn6Tm4,PrNd5(Tm2Sn3)2,Sn; Pr; Nd; Tm,4,16,4813343.0,77626.0,orthorhombic,Amm2,38,mm2,3D,-817633.0,-6988.0,-78.0,2.0,0.0219,semiconductor,00218f3a9d,Acadia Nanoforge Database,1.0,2025-10-30T15:11:14.500308Z
Cu14Ga12Sr2,Cu14Ga12Sr2,SrGa6Cu7,Cu; Ga; Sr,3,28,4272385.0,73908.0,orthorhombic,Ibam,72,mmm,,-1038884.0,-2423.0,-365.0,-304.0,,semiconductor,0021d53210,Acadia Nanoforge Database,1.0,2025-10-30T15:11:14.504393Z
Bi4La1O14Y3,Bi4La1O14Y3,LaY3(Bi2O7)2,O; Y; La; Bi,4,22,3344819.0,72757.0,triclinic,P1,1,1,,-167577.0,-2655.0,-552.0,-43.0,,semiconductor,00222d9783,Acadia Nanoforge Database,1.0,2025-10-30T15:11:14.506885Z
In3Se25,In3Se25,In3Se25,Se; In,2,28,7664548.0,5023.0,monoclinic,Pm,6,m,1D,-1078101.0,-4342.0,-2194.0,-2194.0,0.002,semiconductor,0022c4394c,Acadia Nanoforge Database,1.0,2025-10-30T15:11:14.509336Z
Ba2Fe4Mn8O24,Ba2Fe4Mn8O24,BaMn4(FeO6)2,O; Mn; Fe; Ba,4,38,4473164.0,49058.0,triclinic,P1,1,1,intercalated ion,-3054971.0,-19929.0,-205.0,9.0,0.5316,semiconductor,0022dece73,Acadia Nanoforge Database,1.0,2025-10-30T15:11:14.511779Z
C1Mg1Sc3,C1Mg1Sc3,MgSc3C,C; Mg; Sc,3,5,982414.0,28935.0,cubic,Pm-3m,221,m-3m,intercalated ion,-313243.0,-3.0,-3.0,0.0,0.0102,semiconductor,0023476fdb,Acadia Nanoforge Database,1.0,2025-10-30T15:11:14.514287Z
Nd2O20Pr6Ti4,Nd2O20Pr6Ti4,Pr3NdTi2O10,O; Ti; Pr; Nd,4,32,4898534.0,55776.0,monoclinic,P2_1/m,11,2/m,,-2892734.0,-3766.0,2.0,1.0,,semiconductor,0024909258,Acadia Nanoforge Database,1.0,2025-10-30T15:11:14.516873Z
Cs12S14Sb4Se2,Cs12S14Sb4Se2,Cs6Sb2SeS7,S; Se; Sb; Cs,4,32,12549723.0,35576.0,monoclinic,P2_1,4,2,intercalated ion,-129213.0,-11578.0,-8.0,5.0,1.9963,semiconductor,0024ba3671,Acadia Nanoforge Database,1.0,2025-10-30T15:11:14.519369Z
Co4Sn23Tc2Tm7,Co4Sn23Tc2Tm7,Tm7Co4Tc2Sn23,Co; Tc; Sn; Tm,4,36,8232849.0,87629.0,monoclinic,C2/m,12,2/m,3D,-1861175.0,-3726.0,-33.0,-19.0,0.0081,semiconductor,0024e85c1f,Acadia Nanoforge Database,1.0,2025-10-30T15:11:14.521867Z
C2Er1P2Ru4Y1,C2Er1P2Ru4Y1,YErP2(Ru2C)2,C; P; Y; Ru; Er,5,10,1474459.0,84061.0,orthorhombic,Amm2,38,mm2,3D,-841441.0,-6732.0,-9.0,0.0,0.016,semiconductor,002624112c,Acadia Nanoforge Database,1.0,2025-10-30T15:11:14.524313Z
La2Mo2Nd2O20Se4,La2Mo2Nd2O20Se4,LaNdMo(SeO5)2,O; Se; Mo; La; Nd,5,30,4617791.0,50128.0,triclinic,P1,1,1,3D,-2276948.0,-24551.0,-184.0,6.0,3.323,semiconductor,002639f063,Acadia Nanoforge Database,1.0,2025-10-30T15:11:14.526689Z
Ba4Ga4Ge1O14Si1,Ba4Ga4Ge1O14Si1,Ba4Ga4SiGeO14,O; Si; Ga; Ge; Ba,5,24,3923109.0,488.0,triclinic,P1,1,1,intercalated ion,-1665314.0,-28093.0,-136.0,0.0,2.968,semiconductor,0027d60140,Acadia Nanoforge Database,1.0,2025-10-30T15:11:14.529095Z
P1Pb6S1Y10,P1Pb6S1Y10,Y10PPb6S,P; S; Y; Pb,4,18,4926629.0,73993.0,trigonal,P-31m,162,-3m,3D,-1135656.0,-9486.0,-727.0,-44.0,0.0196,semiconductor,00281d03b2,Acadia Nanoforge Database,1.0,2025-10-30T15:11:14.531591Z
Mo12P1Sc8Si15,Mo12P1Sc8Si15,Sc8Si15Mo12P,Si; P; Sc; Mo,4,36,564544.0,57745.0,triclinic,P1,1,1,,-294321.0,-7422.0,72.0,-201.0,,semiconductor,00283d60be,Acadia Nanoforge Database,1.0,2025-10-30T15:11:14.534090Z
Er4Mo1Ru5Tc2,Er4Mo1Ru5Tc2,Er4Tc2MoRu5,Mo; Tc; Ru; Er,4,12,2174125.0,111994.0,monoclinic,Pm,6,m,3D,-100181.0,-3309.0,-305.0,-15.0,0.0067,semiconductor,0028a0f890,Acadia Nanoforge Database,1.0,2025-10-30T15:11:14.536578Z
Nd20Sn14Te2,Nd20Sn14Te2,Nd10Sn7Te,Sn; Te; Nd,3,36,11299392.0,70569.0,monoclinic,P2_1,4,2,3D,-1886208.0,-8566.0,-116.0,7.0,inf,semiconductor,0028b71867,Acadia Nanoforge Database,1.0,2025-10-30T15:11:14.539123Z
Er4Mn1Ni13,Er4Mn1Ni13,Er4MnNi13,Mn; Ni; Er,3,18,2539044.0,97249.0,monoclinic,C2/m,12,2/m,3D,-1099051.0,-4072.0,-85.0,-8.0,0.0002,semiconductor,002976708e,Acadia Nanoforge Database,1.0,2025-10-30T15:11:14.541629Z
La8Sn6Y2,La8Sn6Y2,La4YSn3,Y; Sn; La,3,16,506195.0,65652.0,tetragonal,I4/mcm,140,4/mmm,3D,-881616.0,-7302.0,-125.0,-115.0,0.0009,semiconductor,002ad4b7e5,Acadia Nanoforge Database,1.0,2025-10-30T15:11:14.544183Z
La8Si16Sm4Tb8,La8Si16Sm4Tb8,La2Tb2SmSi4,Si; La; Sm; Tb,4,36,9171591.0,62164.0,triclinic,P1,1,1,3D,-2078065.0,-7101.0,-162.0,-2.0,0.0005,semiconductor,002b8e87c1,Acadia Nanoforge Database,1.0,2025-10-30T15:11:14.546871Z
Cd1Nb9Se16,Cd1Nb9Se16,Nb9CdSe16,Se; Nb; Cd,3,26,588913.0,62369.0,trigonal,P-3m1,164,-3m,3D,-1773753.0,-11387.0,-146.0,-4.0,0.0074,semiconductor,002d0f9de5,Acadia Nanoforge Database,1.0,2025-10-30T15:11:14.549516Z
P2Sn6Tm4Y6,P2Sn6Tm4Y6,Y3Tm2Sn3P,P; Y; Sn; Tm,4,18,4705623.0,6999.0,hexagonal,P6_3/mcm,193,6/mmm,3D,-1089879.0,-9668.0,-191.0,7.0,,semiconductor,002d98d2a1,Acadia Nanoforge Database,1.0,2025-10-30T15:11:14.552409Z
Ba3O9Tm3Y1,Ba3O9Tm3Y1,Ba3YTm3O9,O; Y; Ba; Tm,4,16,2714971.0,7044.0,trigonal,R3,146,3,,-1279263.0,-3609.0,0.0,-5.0,,semiconductor,002f1d5f95,Acadia Nanoforge Database,1.0,2025-10-30T15:11:14.555513Z
Ba3La1O24Sr4Ti8,Ba3La1O24Sr4Ti8,Ba3Sr4LaTi8O24,O; Ti; Sr; Ba; La,5,40,50435.0,54927.0,tetragonal,P4/mmm,123,4/mmm,intercalated ion,-3415404.0,-35544.0,-99.0,6.0,0.0066,semiconductor,003029a69a,Acadia Nanoforge Database,1.0,2025-10-30T15:11:14.558192Z
Ni16P12Pr6Sc2,Ni16P12Pr6Sc2,Pr3Sc(Ni4P3)2,P; Sc; Ni; Pr,4,36,5394933.0,69135.0,orthorhombic,Pmmn,59,mmm,3D,-2343564.0,-9879.0,-179.0,-101.0,,semiconductor,0030320ea2,Acadia Nanoforge Database,1.0,2025-10-30T15:11:14.560806Z
Fe6Mn11P12Tb4Ti3,Fe6Mn11P12Tb4Ti3,Tb4Ti3Mn11(FeP2)6,P; Ti; Mn; Fe; Tb,5,36,4789474.0,72475.0,monoclinic,Pm,6,m,3D,-2903358.0,-8764.0,-193.0,-76.0,inf,semiconductor,0030970752,Acadia Nanoforge Database,1.0,2025-10-30T15:11:14.563422Z
Bi2Ce2Co2Sb2,Bi2Ce2Co2Sb2,CeCoBiSb,Co; Sb; Ce; Bi,4,8,192651.0,9133.0,tetragonal,P4/nmm,129,4/mmm,3D,-469783.0,-6072.0,-224.0,-63.0,0.0011,semiconductor,0031212234,Acadia Nanoforge Database,1.0,2025-10-30T15:11:14.566234Z
Cu2K1Sb2Tb1,Cu2K1Sb2Tb1,KTb(CuSb)2,K; Cu; Sb; Tb,4,6,1559908.0,60532.0,trigonal,P-3m1,164,-3m,intercalated ion,-259256.0,-6207.0,-31.0,1.0,0.0297,semiconductor,00312fef48,Acadia Nanoforge Database,1.0,2025-10-30T15:11:14.568853Z
La6Nd8Ni6,La6Nd8Ni6,La3Nd4Ni3,Ni; La; Nd,3,20,5561708.0,6985.0,monoclinic,Cm,8,m,3D,-1066716.0,-2115.0,-12.0,9.0,0.0024,semiconductor,0031328579,Acadia Nanoforge Database,1.0,2025-10-30T15:11:14.571251Z
In6Ni20P6Sn4,In6Ni20P6Sn4,In3Ni10Sn2P3,P; Ni; In; Sn,4,36,5271834.0,79485.0,triclinic,P-1,2,-1,3D,-1938334.0,-3667.0,-99.0,-77.0,0.0041,semiconductor,003144eb09,Acadia Nanoforge Database,1.0,2025-10-30T15:11:14.573667Z
B4Co9Si2Tm3,B4Co9Si2Tm3,Tm3Co9(SiB2)2,B; Si; Co; Tm,4,18,2077336.0,90857.0,hexagonal,P6/mmm,191,6/mmm,3D,-1260423.0,-6151.0,-385.0,-53.0,0.0026,semiconductor,0031523fd5,Acadia Nanoforge Database,1.0,2025-10-30T15:11:14.576284Z
Cu4Ga4Pa1Tb1,Cu4Ga4Pa1Tb1,TbPa(GaCu)4,Cu; Ga; Tb; Pa,4,10,1716582.0,8929.0,tetragonal,P4mm,99,4mm,3D,-461177.0,-346.0,-37.0,-28.0,0.0033,semiconductor,003192f9f4,Acadia Nanoforge Database,1.0,2025-10-30T15:11:14.578715Z
Na3Pr5Te8,Na3Pr5Te8,Na3Pr5Te8,Na; Te; Pr,3,16,5358128.0,55607.0,trigonal,R-3m,166,-3m,intercalated ion,-782444.0,-15766.0,-124.0,-47.0,0.0012,semiconductor,0032810a4c,Acadia Nanoforge Database,1.0,2025-10-30T15:11:14.581141Z
O13Pb4W3Y1,O13Pb4W3Y1,YPb4W3O13,O; Y; W; Pb,4,21,3168553.0,87898.0,trigonal,R3m,160,3m,,-1704649.0,-21881.0,-164.0,-156.0,,semiconductor,0032aede2e,Acadia Nanoforge Database,1.0,2025-10-30T15:11:14.583616Z
Ac6Li4Sb6,Ac6Li4Sb6,Li2(AcSb)3,Li; Sb; Ac,3,16,499042.0,70553.0,hexagonal,P6_3/mmc,194,6/mmm,intercalated ion,-739079.0,-10482.0,-8119.0,-11.0,,semiconductor,0033282f8c,Acadia Nanoforge Database,1.0,2025-10-30T15:11:14.586202Z
Fe7Ni13P13Zr6,Fe7Ni13P13Zr6,Zr6Fe7(NiP)13,P; Fe; Ni; Zr,4,39,4877329.0,71631.0,monoclinic,Pm,6,m,3D,-2903191.0,-8776.0,-191.0,4.0,inf,semiconductor,0033433e6b,Acadia Nanoforge Database,1.0,2025-10-30T15:11:14.590179Z
Al19Ca1Ru4Si1Tb1,Al19Ca1Ru4Si1Tb1,CaTbAl19SiRu4,Al; Si; Ca; Ru; Tb,5,26,4274775.0,44439.0,monoclinic,Pm,6,m,intercalated ion,-1330129.0,-4878.0,-75.0,7.0,0.008,semiconductor,0033b4555c,Acadia Nanoforge Database,1.0,2025-10-30T15:11:14.592716Z
K2O12W4,K2O12W4,K(WO3)2,O; K; W,3,18,2900799.0,57562.0,orthorhombic,Ima2,46,mm2,intercalated ion,-1538765.0,-22471.0,-88.0,-41.0,1.7351,semiconductor,0033d0c8ce,Acadia Nanoforge Database,1.0,2025-10-30T15:11:14.599310Z
Co1Ni1Pb4Ti8,Co1Ni1Pb4Ti8,Ti8CoNiPb4,Ti; Co; Ni; Pb,4,14,2757825.0,80043.0,tetragonal,I422,97,422,3D,-932329.0,-1664.0,-181.0,-13.0,0.0002,semiconductor,0033fb635a,Acadia Nanoforge Database,1.0,2025-10-30T15:11:14.602110Z
Er1Li4O16Si4Y3,Er1Li4O16Si4Y3,Li4Y3Er(SiO4)4,Li; O; Si; Y; Er,5,28,3401265.0,40525.0,triclinic,P1,1,1,intercalated ion,-2282593.0,-3421.0,-68.0,0.0,5.1203,semiconductor,0034c0c663,Acadia Nanoforge Database,1.0,2025-10-30T15:11:14.605162Z
Ba3Mn4Ni2P6,Ba3Mn4Ni2P6,Ba3Mn4(NiP3)2,P; Mn; Ni; Ba,4,15,2818661.0,55081.0,orthorhombic,Immm,71,mmm,intercalated ion,-983606.0,-7944.0,-285.0,-23.0,,semiconductor,0035ab7597,Acadia Nanoforge Database,1.0,2025-10-30T15:11:14.607715Z
Ga3Ru4Si1Tb3Tm1,Ga3Ru4Si1Tb3Tm1,Tb3TmGa3SiRu4,Si; Ga; Ru; Tb; Tm,5,12,2277681.0,93846.0,monoclinic,Pm,6,m,3D,-776746.0,-6407.0,-432.0,6.0,,semiconductor,0035b15d54,Acadia Nanoforge Database,1.0,2025-10-30T15:11:14.610790Z
Bi6O14Tb2,Bi6O14Tb2,TbBi3O7,O; Tb; Bi,3,22,3410508.0,87432.0,triclinic,P-1,2,-1,3D,-1486913.0,-21278.0,-391.0,-5.0,1.1757,semiconductor,0036ce48a2,Acadia Nanoforge Database,1.0,2025-10-30T15:11:14.621272Z
Ba6Nb7O21,Ba6Nb7O21,Ba6Nb7O21,O; Nb; Ba,3,34,4926086.0,61023.0,trigonal,R-3,148,-3,intercalated ion,-294814.0,-31966.0,-11.0,-8.0,0.0027,semiconductor,0037f656a6,Acadia Nanoforge Database,1.0,2025-10-30T15:11:14.624896Z
Si2Te26W4,Si2Te26W4,SiTe13W2,Si; Te; W,3,32,12681915.0,53804.0,monoclinic,P2_1,4,2,2D,-1515964.0,-2246.0,-1406.0,7.0,,semiconductor,00381ff66f,Acadia Nanoforge Database,1.0,2025-10-30T15:11:14.628610Z
Bi4Ca10Pb2,Bi4Ca10Pb2,Ca5Bi2Pb,Ca; Pb; Bi,3,16,5380942.0,50952.0,orthorhombic,Amm2,38,mm2,intercalated ion,-550486.0,-7504.0,-103.0,-48.0,0.0028,semiconductor,0038388f9d,Acadia Nanoforge Database,1.0,2025-10-30T15:11:14.633010Z
Ca4La4Ru4Y2,Ca4La4Ru4Y2,Ca2La2YRu2,Ca; Y; Ru; La,4,14,4069832.0,52961.0,monoclinic,C2/c,15,2/m,intercalated ion,-810735.0,-234.0,-211.0,-1.0,0.0009,semiconductor,00384f227c,Acadia Nanoforge Database,1.0,2025-10-30T15:11:14.636961Z
Cu1Ni3Y4,Cu1Ni3Y4,Y4CuNi3,Ni; Cu; Y,3,8,1645007.0,60087.0,monoclinic,Pm,6,m,3D,-504462.0,-3926.0,-41.0,4.0,0.0053,semiconductor,0038834783,Acadia Nanoforge Database,1.0,2025-10-30T15:11:14.642202Z
Er9In2Sb4Tb1,Er9In2Sb4Tb1,TbEr9(InSb2)2,In; Sb; Tb; Er,4,16,4399268.0,8987.0,monoclinic,Pm,6,m,3D,-803343.0,-7857.0,-228.0,1.0,0.0032,semiconductor,00392389b2,Acadia Nanoforge Database,1.0,2025-10-30T15:11:14.644837Z
Nb2O24P6V2,Nb2O24P6V2,NbV(PO4)3,O; P; V; Nb,4,34,4840628.0,29417.0,monoclinic,C2,5,2,,-2835897.0,-27644.0,-81.0,-7.0,,semiconductor,00393b5ecd,Acadia Nanoforge Database,1.0,2025-10-30T15:11:14.647341Z
Ba6O18Tb2Tc4,Ba6O18Tb2Tc4,Ba3TbTc2O9,O; Tc; Ba; Tb,4,30,4554283.0,66425.0,hexagonal,P6_3/mmc,194,6/mmm,intercalated ion,-2362512.0,-28321.0,-1127.0,-258.0,0.0037,semiconductor,00399261d9,Acadia Nanoforge Database,1.0,2025-10-30T15:11:14.649830Z
Co1Ga4Ni1Tm2,Co1Ga4Ni1Tm2,Tm2Ga4CoNi,Co; Ni; Ga; Tm,4,8,1352522.0,90163.0,orthorhombic,Amm2,38,mm2,3D,-387587.0,-6008.0,-257.0,-15.0,0.0031,semiconductor,003993cd63,Acadia Nanoforge Database,1.0,2025-10-30T15:11:14.655865Z
B4Co4Mo3W1,B4Co4Mo3W1,Co4B4Mo3W,B; Co; Mo; W,4,12,1246291.0,100014.0,monoclinic,Pm,6,m,,-1058871.0,-4368.0,0.0,3.0,,semiconductor,00399eaa1a,Acadia Nanoforge Database,1.0,2025-10-30T15:11:14.662020Z
Tc4Tm6,Tc4Tm6,Tm3Tc2,Tc; Tm,2,10,2180406.0,107047.0,trigonal,R-3c,167,-3m,3D,-699625.0,-1665.0,-176.0,-24.0,,semiconductor,0039ec433e,Acadia Nanoforge Database,1.0,2025-10-30T15:11:14.665103Z
Ac6Ba14Sn16,Ac6Ba14Sn16,Ba7Ac3Sn8,Sn; Ba; Ac,3,36,14633492.0,58825.0,monoclinic,P2_1,4,2,intercalated ion,-1404927.0,-6874.0,-718.0,-9.0,,semiconductor,003a107844,Acadia Nanoforge Database,1.0,2025-10-30T15:11:14.668869Z
Be8C2Co4Mo2W10,Be8C2Co4Mo2W10,Be4Co2MoW5C,Be; C; Co; Mo; W,5,26,304408.0,128854.0,monoclinic,Cm,8,m,intercalated ion,-2354129.0,-2822.0,-954.0,-8.0,,semiconductor,003a4dbd76,Acadia Nanoforge Database,1.0,2025-10-30T15:11:14.671868Z
As1Pr18Si15Sm2,As1Pr18Si15Sm2,Pr18Sm2Si15As,Si; As; Pr; Sm,4,36,9577246.0,57793.0,triclinic,P1,1,1,3D,-2068844.0,-7042.0,-185.0,0.0,0.0006,semiconductor,003b3d40aa,Acadia Nanoforge Database,1.0,2025-10-30T15:11:14.674967Z
Ag2Cd21P1Pr6,Ag2Cd21P1Pr6,Pr6Cd21Ag2P,P; Ag; Cd; Pr,4,30,7195318.0,79684.0,monoclinic,Cm,8,m,3D,-700192.0,-3625.0,-218.0,-4.0,0.002,semiconductor,003c37f099,Acadia Nanoforge Database,1.0,2025-10-30T15:11:14.678414Z
Er18Hg6Ni2Tm2,Er18Hg6Ni2Tm2,Er9TmNiHg3,Ni; Er; Tm; Hg,4,28,7475178.0,103728.0,hexagonal,P6_3/mmc,194,6/mmm,,-1137948.0,-3301.0,-454.0,-3.0,,semiconductor,003cd8f5b9,Acadia Nanoforge Database,1.0,2025-10-30T15:11:14.681479Z
Er2Ga3Ge1Pr4,Er2Ga3Ge1Pr4,Pr4Er2Ga3Ge,Ga; Ge; Pr; Er,4,10,2739599.0,7152.0,orthorhombic,Amm2,38,mm2,3D,-477083.0,-5742.0,-68.0,1.0,0.0018,semiconductor,003d80e4dc,Acadia Nanoforge Database,1.0,2025-10-30T15:11:14.684323Z
Ac2Ge2In2O2,Ac2Ge2In2O2,AcInGeO,O; Ge; In; Ac,4,8,185214.0,77185.0,tetragonal,P4/nmm,129,4/mmm,2D,-466754.0,-17235.0,-192.0,-1.0,0.0132,semiconductor,003d93e0e0,Acadia Nanoforge Database,1.0,2025-10-30T15:11:14.687136Z
Fe2P12Ru17Y5,Fe2P12Ru17Y5,Y5Fe2P12Ru17,P; Fe; Y; Ru,4,36,534076.0,82272.0,orthorhombic,Amm2,38,mm2,3D,-3027302.0,-8565.0,-92.0,-3.0,0.0194,semiconductor,003e148cb3,Acadia Nanoforge Database,1.0,2025-10-30T15:11:14.689745Z
Pa6Sb3Sn7Zr2,Pa6Sb3Sn7Zr2,Zr2Pa6Sn7Sb3,Zr; Sn; Sb; Pa,4,18,4597815.0,99857.0,monoclinic,Pm,6,m,3D,-1230837.0,-4692.0,-1008.0,-7.0,0.0005,semiconductor,003e69275e,Acadia Nanoforge Database,1.0,2025-10-30T15:11:14.692666Z
As1Er20Si15,As1Er20Si15,Er20Si15As,Si; As; Er,3,36,8102684.0,78724.0,triclinic,P1,1,1,3D,-2054716.0,-78.0,-3.0,5.0,0.0013,semiconductor,003e87eadf,Acadia Nanoforge Database,1.0,2025-10-30T15:11:14.695430Z
Ac3Cd4Nd1Pb4,Ac3Cd4Nd1Pb4,Ac3Nd(CdPb)4,Cd; Nd; Pb; Ac,4,12,3779314.0,92431.0,trigonal,P-3m1,164,-3m,3D,-408517.0,-4315.0,-1851.0,4.0,0.0112,semiconductor,003ee3cd35,Acadia Nanoforge Database,1.0,2025-10-30T15:11:14.698157Z
Er12Fe2Hg6Y8,Er12Fe2Hg6Y8,Y4Er6FeHg3,Fe; Y; Er; Hg,4,28,7547152.0,88748.0,hexagonal,P6_3/mmc,194,6/mmm,3D,-1329309.0,-2723.0,-381.0,1.0,inf,semiconductor,003ef22fbd,Acadia Nanoforge Database,1.0,2025-10-30T15:11:14.700933Z
Er12Pb16Sm7Tb1,Er12Pb16Sm7Tb1,TbSm7(Er3Pb4)4,Sm; Tb; Er; Pb,4,36,10729843.0,101116.0,triclinic,P1,1,1,3D,-17123.0,-5375.0,-147.0,-1.0,inf,semiconductor,003f09427c,Acadia Nanoforge Database,1.0,2025-10-30T15:11:14.703602Z
Er5Ni4Tb3Tm4,Er5Ni4Tb3Tm4,Tb3Er5(TmNi)4,Ni; Tb; Er; Tm,4,16,4030219.0,91616.0,triclinic,P1,1,1,3D,-819702.0,-2628.0,-8.0,7.0,0.0034,semiconductor,003f28b6ac,Acadia Nanoforge Database,1.0,2025-10-30T15:11:14.714759Z
Eu2In1O1Pr1,Eu2In1O1Pr1,PrEu2InO,O; In; Pr; Eu,4,5,1289487.0,7413.0,tetragonal,P4/mmm,123,4/mmm,3D,-40666.0,-15203.0,-449.0,-109.0,0.0077,semiconductor,003f8ebd3e,Acadia Nanoforge Database,1.0,2025-10-30T15:11:14.719628Z
Mo12Si16Sr1Tm7,Mo12Si16Sr1Tm7,SrTm7(Si4Mo3)4,Si; Sr; Mo; Tm,4,36,6057076.0,78703.0,triclinic,P1,1,1,,-2728791.0,-6363.0,216.0,-52.0,,semiconductor,003fc70935,Acadia Nanoforge Database,1.0,2025-10-30T15:11:14.722853Z
Al1Li3Pr3Sb2,Al1Li3Pr3Sb2,Li3Pr3AlSb2,Li; Al; Sb; Pr,4,9,2237017.0,53004.0,hexagonal,P-62m,189,-6m2,intercalated ion,-385595.0,-7197.0,-226.0,-97.0,,semiconductor,0040c9f09d,Acadia Nanoforge Database,1.0,2025-10-30T15:11:14.725964Z
Ca6Li16Pb8,Ca6Li16Pb8,Li8Ca3Pb4,Li; Ca; Pb,3,30,6853757.0,48677.0,cubic,Fm-3m,225,m-3m,intercalated ion,-84726.0,-4149.0,-97.0,-9.0,,semiconductor,0041f5f4de,Acadia Nanoforge Database,1.0,2025-10-30T15:11:14.728937Z
B4Mn1Nb5Ru9Ti1,B4Mn1Nb5Ru9Ti1,TiMnNb5B4Ru9,B; Ti; Mn; Nb; Ru,5,20,2639664.0,95632.0,monoclinic,P2/m,10,2/m,3D,-187739.0,-4994.0,-15.0,-15.0,0.0006,semiconductor,0041fa3274,Acadia Nanoforge Database,1.0,2025-10-30T15:11:14.732000Z
Co16Sc4Si12V4,Co16Sc4Si12V4,ScVCo4Si3,Si; Sc; V; Co,4,36,4548479.0,60732.0,orthorhombic,Pnma,62,mmm,3D,-2637488.0,-6457.0,-164.0,-79.0,0.0021,semiconductor,00421e13bb,Acadia Nanoforge Database,1.0,2025-10-30T15:11:14.734991Z
As14Mo2Tc4,As14Mo2Tc4,Tc2MoAs7,As; Mo; Tc,3,20,3450269.0,78582.0,orthorhombic,Fmm2,42,mm2,3D,-133824.0,-2731.0,-573.0,0.0,0.7056,semiconductor,004268dee7,Acadia Nanoforge Database,1.0,2025-10-30T15:11:14.737660Z
Co17Pr2Si8Tc1,Co17Pr2Si8Tc1,Pr2Co17Si8Tc,Si; Co; Tc; Pr,4,28,3490552.0,76419.0,monoclinic,Cm,8,m,3D,-1969841.0,-4578.0,-42.0,6.0,0.0003,semiconductor,0042e3f0ba,Acadia Nanoforge Database,1.0,2025-10-30T15:11:14.740460Z
As6Co16Nb2P6Zr6,As6Co16Nb2P6Zr6,Zr3NbCo8(AsP)3,P; Co; As; Zr; Nb,5,36,4882285.0,78616.0,monoclinic,Pm,6,m,3D,-2750852.0,-8175.0,-57.0,-11.0,0.0006,semiconductor,0043230ef0,Acadia Nanoforge Database,1.0,2025-10-30T15:11:14.743307Z
O42S12Sn2Tl4,O42S12Sn2Tl4,Tl2Sn(S2O7)3,O; S; Sn; Tl,4,60,10573789.0,33163.0,trigonal,P-3,147,-3,intercalated ion,-3800775.0,-17527.0,-617.0,-452.0,,semiconductor,00433a915b,Acadia Nanoforge Database,1.0,2025-10-30T15:11:14.746187Z
B16Ge2Si2Tm2Y8,B16Ge2Si2Tm2Y8,Y4TmSiGeB8,B; Si; Ge; Y; Tm,5,30,4245576.0,55678.0,orthorhombic,Cmmm,65,mmm,3D,-2083395.0,-6896.0,-36.0,3.0,0.0047,semiconductor,00442e42c4,Acadia Nanoforge Database,1.0,2025-10-30T15:11:14.748955Z
Er1Gd1Nd2O18Se6,Er1Gd1Nd2O18Se6,Nd2GdEr(SeO3)6,O; Se; Nd; Gd; Er,5,28,4652945.0,49062.0,triclinic,P1,1,1,3D,-2034052.0,-23281.0,-616.0,-6.0,,semiconductor,004434fc08,Acadia Nanoforge Database,1.0,2025-10-30T15:11:14.751598Z
Pa2Te8,Pa2Te8,PaTe4,Te; Pa,2,10,3638718.0,67671.0,tetragonal,P4/mcc,124,4/mmm,3D,-527868.0,-8611.0,-269.0,-246.0,0.0011,semiconductor,0044657866,Acadia Nanoforge Database,1.0,2025-10-30T15:11:14.754112Z
Ag1Nd20Si15,Ag1Nd20Si15,Nd20Si15Ag,Si; Ag; Nd,3,36,9434244.0,6009.0,triclinic,P1,1,1,3D,-2026766.0,-6417.0,-141.0,-64.0,,semiconductor,0044890e1f,Acadia Nanoforge Database,1.0,2025-10-30T15:11:14.756861Z
Li8Sb2Sn6Y8,Li8Sb2Sn6Y8,Li4Y4Sn3Sb,Li; Y; Sn; Sb,4,24,5561921.0,51428.0,monoclinic,Cc,9,m,intercalated ion,-117386.0,-7528.0,-166.0,-37.0,0.0048,semiconductor,0044a266d3,Acadia Nanoforge Database,1.0,2025-10-30T15:11:14.759572Z
Eu6O14Pb2,Eu6O14Pb2,Eu3PbO7,O; Eu; Pb,3,22,3297696.0,78058.0,orthorhombic,Cmcm,63,mmm,3D,-1977257.0,-26944.0,-1741.0,-993.0,0.0004,semiconductor,0045503622,Acadia Nanoforge Database,1.0,2025-10-30T15:11:14.762343Z
Co4Er10Ru1Sn1Tm2,Co4Er10Ru1Sn1Tm2,Er10Tm2Co4SnRu,Co; Ru; Sn; Er; Tm,5,18,4258575.0,96155.0,monoclinic,C2/m,12,2/m,3D,-10267.0,-3513.0,-33.0,0.0,0.0016,semiconductor,00460bdd8d,Acadia Nanoforge Database,1.0,2025-10-30T15:11:14.765189Z
O10P2Pa1Sb1,O10P2Pa1Sb1,PaSb(PO5)2,O; P; Sb; Pa,4,14,2069737.0,46111.0,triclinic,P-1,2,-1,,-1142403.0,-28779.0,-2662.0,-162.0,,semiconductor,00461050ab,Acadia Nanoforge Database,1.0,2025-10-30T15:11:14.767774Z
O10P1S1Tc2,O10P1S1Tc2,Tc2PSO10,O; P; S; Tc,4,14,1815394.0,38329.0,monoclinic,C2,5,2,3D,-1075551.0,-1986.0,-595.0,-81.0,0.0047,semiconductor,004615cd9b,Acadia Nanoforge Database,1.0,2025-10-30T15:11:14.770306Z
Hg20Tb1Y13,Hg20Tb1Y13,TbY13Hg20,Y; Tb; Hg,3,34,8577198.0,103121.0,monoclinic,Cm,8,m,,-1110679.0,-4793.0,-177.0,1.0,,semiconductor,0046cc4463,Acadia Nanoforge Database,1.0,2025-10-30T15:11:14.773023Z
La7Li12O48Tb5W8,La7Li12O48Tb5W8,Li12La7Tb5(WO6)8,Li; O; La; Tb; W,5,80,10023412.0,6774.0,triclinic,P1,1,1,intercalated ion,-6633563.0,-30195.0,-226.0,-154.0,,semiconductor,00474b99a4,Acadia Nanoforge Database,1.0,2025-10-30T15:11:14.775785Z
Al1Ni1Sb4Sn2Zr10,Al1Ni1Sb4Sn2Zr10,Zr10AlNi(SnSb2)2,Al; Ni; Zr; Sn; Sb,5,18,3838681.0,74507.0,monoclinic,Cm,8,m,3D,-1327014.0,-7313.0,-142.0,-1.0,0.004,semiconductor,00486e3322,Acadia Nanoforge Database,1.0,2025-10-30T15:11:14.778552Z
Bi8Co4Er14Tb6,Bi8Co4Er14Tb6,Tb3Er7(CoBi2)2,Co; Tb; Er; Bi,4,32,8763611.0,98582.0,monoclinic,P2_1/m,11,2/m,3D,-1688384.0,-5478.0,-35.0,6.0,0.003,semiconductor,0049838117,Acadia Nanoforge Database,1.0,2025-10-30T15:11:14.781372Z
Co1Fe3Zn1Zr1,Co1Fe3Zn1Zr1,ZrZnFe3Co,Fe; Co; Zn; Zr,4,6,805752.0,78952.0,trigonal,R3m,160,3m,3D,-435129.0,-1979.0,-92.0,-28.0,0.0135,semiconductor,004a4e40c8,Acadia Nanoforge Database,1.0,2025-10-30T15:11:14.784151Z
Eu16Li4Ni4,Eu16Li4Ni4,LiEu4Ni,Li; Ni; Eu,3,24,757722.0,59038.0,cubic,F-43m,216,-43m,intercalated ion,-197603.0,-906.0,-668.0,-179.0,,semiconductor,004ba477c3,Acadia Nanoforge Database,1.0,2025-10-30T15:11:14.786911Z
Bi1Co4Er6Gd6Ru1,Bi1Co4Er6Gd6Ru1,Gd6Er6Co4BiRu,Co; Ru; Gd; Er; Bi,5,18,4421856.0,93613.0,monoclinic,C2/m,12,2/m,3D,-1592792.0,-3232.0,-427.0,8.0,,semiconductor,004ccbf0eb,Acadia Nanoforge Database,1.0,2025-10-30T15:11:14.790218Z
Ca2Cd1In1Ni4,Ca2Cd1In1Ni4,Ca2CdInNi4,Ca; Ni; Cd; In,4,8,1455339.0,6186.0,orthorhombic,Pmm2,25,mm2,3D,-327791.0,-2466.0,-61.0,-6.0,0.0058,semiconductor,004d7f7dc5,Acadia Nanoforge Database,1.0,2025-10-30T15:11:14.793387Z
Er8Ga14Sc12Si2,Er8Ga14Sc12Si2,Er4Sc6Ga7Si,Si; Sc; Ga; Er,4,36,7785901.0,6206.0,monoclinic,P2_1/m,11,2/m,3D,-1890046.0,-6453.0,-223.0,3.0,0.0035,semiconductor,004e1e4f22,Acadia Nanoforge Database,1.0,2025-10-30T15:11:14.796370Z
La4Li1Si6Zn1,La4Li1Si6Zn1,LiLa4ZnSi6,Li; Si; Zn; La,4,12,2624052.0,50403.0,orthorhombic,Fmm2,42,mm2,intercalated ion,-633766.0,-6593.0,-599.0,-62.0,0.0029,semiconductor,004e4974fa,Acadia Nanoforge Database,1.0,2025-10-30T15:11:14.799414Z
Er1Nb2O8Y1,Er1Nb2O8Y1,YErNb2O8,O; Y; Nb; Er,4,12,151307.0,62552.0,monoclinic,C2,5,2,,-1135801.0,-35633.0,14.0,8.0,,semiconductor,00503ec59b,Acadia Nanoforge Database,1.0,2025-10-30T15:11:14.802458Z
Na1Nb8Sb1Se16,Na1Nb8Sb1Se16,NaNb8SbSe16,Na; Se; Nb; Sb,4,26,6340444.0,56343.0,trigonal,P-3m1,164,-3m,intercalated ion,-1720815.0,-11494.0,-252.0,-15.0,0.0091,semiconductor,00507d2243,Acadia Nanoforge Database,1.0,2025-10-30T15:11:14.805364Z
Co4Er7Y5,Co4Er7Y5,Y5Er7Co4,Co; Y; Er,3,16,3993259.0,76974.0,triclinic,P1,1,1,3D,-954048.0,-1666.0,-11.0,8.0,0.0006,semiconductor,00507d31d1,Acadia Nanoforge Database,1.0,2025-10-30T15:11:14.808148Z
Ba1Hg1In2Sn1,Ba1Hg1In2Sn1,BaIn2SnHg,In; Sn; Ba; Hg,4,5,1563513.0,72885.0,tetragonal,I4mm,107,4mm,intercalated ion,-1368.0,-3889.0,-294.0,-143.0,0.0599,semiconductor,0050d276c8,Acadia Nanoforge Database,1.0,2025-10-30T15:11:14.810955Z
La1Nb6Nd1S12,La1Nb6Nd1S12,LaNd(NbS2)6,S; Nb; La; Nd,4,20,4287242.0,47461.0,trigonal,P312,149,32,,-1543273.0,-17189.0,-31.0,2.0,,semiconductor,0050dd7990,Acadia Nanoforge Database,1.0,2025-10-30T15:11:14.816474Z
Ac2C3Fe3Tc14,Ac2C3Fe3Tc14,Ac2Fe3Tc14C3,C; Fe; Tc; Ac,4,22,3334161.0,10108.0,trigonal,R-3m,166,-3m,3D,-2071899.0,-368.0,-368.0,-3.0,,semiconductor,0052954699,Acadia Nanoforge Database,1.0,2025-10-30T15:11:14.819625Z
Cs19P16S48Tl13,Cs19P16S48Tl13,Cs19Tl13(PS3)16,P; S; Cs; Tl,4,96,29410015.0,40748.0,triclinic,P1,1,1,intercalated ion,-4256375.0,-9663.0,-743.0,-1.0,,semiconductor,0052a4d8a0,Acadia Nanoforge Database,1.0,2025-10-30T15:11:14.822482Z
Bi12Er8Tm3Y9,Bi12Er8Tm3Y9,Y9Er8(TmBi4)3,Y; Er; Tm; Bi,4,32,9394788.0,91076.0,triclinic,P1,1,1,3D,-1768062.0,-6862.0,-9.0,1.0,0.0026,semiconductor,0052ff390a,Acadia Nanoforge Database,1.0,2025-10-30T15:11:14.826273Z
Be8Fe1V2W1,Be8Fe1V2W1,Be8V2FeW,Be; V; Fe; W,4,12,113734.0,60396.0,trigonal,P3m1,156,3m,intercalated ion,-728941.0,-2819.0,-275.0,-18.0,0.0059,semiconductor,005366f4e3,Acadia Nanoforge Database,1.0,2025-10-30T15:11:14.828882Z
Pb5Sn1Zn2Zr10,Pb5Sn1Zn2Zr10,Zr10Zn2SnPb5,Zn; Zr; Sn; Pb,4,18,4015376.0,90888.0,orthorhombic,Amm2,38,mm2,,-1172624.0,-3718.0,4.0,4.0,,semiconductor,005510654d,Acadia Nanoforge Database,1.0,2025-10-30T15:11:14.831799Z
Er3Pb16Pr17,Er3Pb16Pr17,Pr17Er3Pb16,Pr; Er; Pb,3,36,11754453.0,87762.0,monoclinic,Pm,6,m,3D,-1753096.0,-5814.0,-164.0,1.0,0.0087,semiconductor,005542c407,Acadia Nanoforge Database,1.0,2025-10-30T15:11:14.834546Z
Ca2La1O14Pr1Ru4,Ca2La1O14Pr1Ru4,Ca2LaPr(Ru2O7)2,O; Ca; Ru; La; Pr,5,22,2825551.0,58078.0,monoclinic,C2/m,12,2/m,intercalated ion,-1726171.0,-23873.0,-231.0,-23.0,0.0053,semiconductor,00559b2287,Acadia Nanoforge Database,1.0,2025-10-30T15:11:14.837563Z
Sb5Sc4Tl1Tm6,Sb5Sc4Tl1Tm6,Tm6Sc4TlSb5,Sc; Sb; Tm; Tl,4,16,4020625.0,82874.0,orthorhombic,Amm2,38,mm2,,-889344.0,-8589.0,-362.0,-61.0,,semiconductor,0055dc0ef0,Acadia Nanoforge Database,1.0,2025-10-30T15:11:14.840147Z
Bi4Cd1La1Li1Tb1,Bi4Cd1La1Li1Tb1,LiLaTbCdBi4,Li; Cd; La; Tb; Bi,5,8,2310902.0,90044.0,orthorhombic,Pmm2,25,mm2,intercalated ion,-32765.0,-6003.0,-82.0,-73.0,0.0287,semiconductor,005625b22b,Acadia Nanoforge Database,1.0,2025-10-30T15:11:14.843484Z
Bi4Li8Nd6Pr2Sn4,Bi4Li8Nd6Pr2Sn4,Li4PrNd3(SnBi)2,Li; Sn; Pr; Nd; Bi,5,24,6169077.0,67658.0,triclinic,P1,1,1,intercalated ion,-1020498.0,-7087.0,-311.0,4.0,0.0069,semiconductor,0056830818,Acadia Nanoforge Database,1.0,2025-10-30T15:11:14.846429Z
As4Co16Na2Nb6P8,As4Co16Na2Nb6P8,NaNb3Co8(AsP2)2,Na; P; Co; As; Nb,5,36,4635629.0,75003.0,monoclinic,Pm,6,m,intercalated ion,-2618961.0,-638.0,-18.0,-29.0,,semiconductor,0057829cf9,Acadia Nanoforge Database,1.0,2025-10-30T15:11:14.849250Z
B4Be2Co9Tm2Y1,B4Be2Co9Tm2Y1,YTm2Be2Co9B4,Be; B; Co; Y; Tm,5,18,2036672.0,83036.0,hexagonal,P6/mmm,191,6/mmm,intercalated ion,-1219705.0,-4656.0,-211.0,-39.0,,semiconductor,00579679a7,Acadia Nanoforge Database,1.0,2025-10-30T15:11:14.852046Z
Co6In14Na1Tc1Zr8,Co6In14Na1Tc1Zr8,NaZr8In14Co6Tc,Na; Co; Zr; Tc; In,5,30,6068859.0,76936.0,cubic,Fm-3m,225,m-3m,intercalated ion,-1706684.0,-3143.0,-38.0,-39.0,,semiconductor,0057d6c587,Acadia Nanoforge Database,1.0,2025-10-30T15:11:14.854976Z
Er6In5Sb1Sc4,Er6In5Sb1Sc4,Er6Sc4In5Sb,Sc; In; Sb; Er,4,16,42055.0,74201.0,orthorhombic,Amm2,38,mm2,3D,-784776.0,-4909.0,-18.0,-15.0,0.001,semiconductor,0057ded706,Acadia Nanoforge Database,1.0,2025-10-30T15:11:14.857827Z
Nd4Pr2Sn6Tm4,Nd4Pr2Sn6Tm4,PrNd2Tm2Sn3,Sn; Pr; Nd; Tm,4,16,4824224.0,77336.0,orthorhombic,Amm2,38,mm2,3D,-817498.0,-6972.0,-7.0,3.0,0.0231,semiconductor,0058756a07,Acadia Nanoforge Database,1.0,2025-10-30T15:11:14.862175Z
Bi4Nd10Pb2,Bi4Nd10Pb2,Nd5Bi2Pb,Nd; Pb; Bi,3,16,5200761.0,85976.0,orthorhombic,Amm2,38,mm2,3D,-818236.0,-6973.0,-36.0,-4.0,0.0005,semiconductor,00589f6456,Acadia Nanoforge Database,1.0,2025-10-30T15:11:14.864952Z
Fe2Mo2O32P8Pb4,Fe2Mo2O32P8Pb4,FeMoP4(PbO8)2,O; P; Fe; Mo; Pb,5,48,6656951.0,47198.0,monoclinic,Cc,9,m,3D,-3698358.0,-23898.0,-93.0,-66.0,,semiconductor,0058eb0273,Acadia Nanoforge Database,1.0,2025-10-30T15:11:14.867648Z
La4Nd1Se4Si1,La4Nd1Se4Si1,La4NdSiSe4,Si; Se; La; Nd,4,10,286165.0,60568.0,tetragonal,I4/m,87,4/m,3D,-633233.0,-19402.0,-107.0,3.0,0.0154,semiconductor,00595efc77,Acadia Nanoforge Database,1.0,2025-10-30T15:11:14.870275Z
B4Ca4Er2O16Tb2,B4Ca4Er2O16Tb2,Ca2TbEr(BO4)2,B; O; Ca; Tb; Er,5,28,3663977.0,50393.0,monoclinic,P2_1/m,11,2/m,intercalated ion,-2314975.0,-35424.0,-172.0,3.0,4.2881,semiconductor,0059c589f8,Acadia Nanoforge Database,1.0,2025-10-30T15:11:14.872987Z
Al12Rb4Se20,Al12Rb4Se20,RbAl3Se5,Al; Se; Rb,3,36,11004247.0,33875.0,monoclinic,P2_1/c,14,2/m,intercalated ion,-1645288.0,-12706.0,-1333.0,-234.0,2.5293,semiconductor,005a577c89,Acadia Nanoforge Database,1.0,2025-10-30T15:11:14.875721Z
Ca20Cd3Hg8Li1,Ca20Cd3Hg8Li1,LiCa20Cd3Hg8,Li; Ca; Cd; Hg,4,32,1022121.0,44684.0,triclinic,P1,1,1,intercalated ion,-591896.0,-3741.0,-26.0,1.0,0.0022,semiconductor,005a6c7def,Acadia Nanoforge Database,1.0,2025-10-30T15:11:14.878275Z
Bi8Na16Ti2,Bi8Na16Ti2,Na8TiBi4,Na; Ti; Bi,3,26,8461348.0,41907.0,cubic,Fd-3m,227,m-3m,intercalated ion,-770751.0,-3463.0,-114.0,-1.0,0.457,semiconductor,005a97218c,Acadia Nanoforge Database,1.0,2025-10-30T15:11:14.880699Z
Cd2Er2In8Tb4,Cd2Er2In8Tb4,Tb2ErCdIn4,Cd; In; Tb; Er,4,16,4144756.0,84678.0,orthorhombic,Cmcm,63,mmm,3D,-585181.0,-4366.0,-95.0,9.0,0.006,semiconductor,005b4c8e80,Acadia Nanoforge Database,1.0,2025-10-30T15:11:14.883211Z
La8Pb6Pr2Se2,La8Pb6Pr2Se2,La4PrPb3Se,Se; La; Pr; Pb,4,18,5873701.0,78994.0,trigonal,P-31m,162,-3m,3D,-96367.0,-10027.0,-129.0,3.0,,semiconductor,005b7eb408,Acadia Nanoforge Database,1.0,2025-10-30T15:11:14.885837Z
Co5Y4,Co5Y4,Y4Co5,Co; Y,2,9,1698389.0,6358.0,monoclinic,C2/m,12,2/m,3D,-631763.0,-1965.0,-61.0,-4.0,0.0017,semiconductor,005bc41dc2,Acadia Nanoforge Database,1.0,2025-10-30T15:11:14.888484Z
Cu1In8Ni1Sr2,Cu1In8Ni1Sr2,Sr2In8CuNi,Ni; Cu; Sr; In,4,12,2967392.0,68048.0,orthorhombic,Amm2,38,mm2,intercalated ion,-385556.0,-2736.0,-61.0,0.0,0.0209,semiconductor,005c5e32d9,Acadia Nanoforge Database,1.0,2025-10-30T15:11:14.891127Z
B4Co7Ga2Nd1Ni2Tm2,B4Co7Ga2Nd1Ni2Tm2,NdTm2Ga2Co7(NiB2)2,B; Co; Ni; Ga; Nd; Tm,6,18,2196616.0,90315.0,orthorhombic,Cmmm,65,mmm,,-1174185.0,-5337.0,-244.0,-74.0,,semiconductor,005cb0eecf,Acadia Nanoforge Database,1.0,2025-10-30T15:11:14.895259Z
Ca2Ga1Si2Zn5,Ca2Ga1Si2Zn5,Ca2Zn5GaSi2,Si; Ca; Zn; Ga,4,10,1859206.0,47613.0,tetragonal,P4mm,99,4mm,intercalated ion,-273016.0,-3113.0,-164.0,3.0,0.0086,semiconductor,005e392cf2,Acadia Nanoforge Database,1.0,2025-10-30T15:11:14.897940Z
Cu1Er11Fe4Sn1Tm1,Cu1Er11Fe4Sn1Tm1,Er11TmFe4CuSn,Fe; Cu; Sn; Er; Tm,5,18,4328029.0,92634.0,monoclinic,Cm,8,m,3D,-1001558.0,-1915.0,-121.0,-4.0,,semiconductor,005e5fb0ca,Acadia Nanoforge Database,1.0,2025-10-30T15:11:14.900943Z
Co4Er19Sb8Tb1,Co4Er19Sb8Tb1,TbEr19(CoSb2)4,Co; Sb; Tb; Er,4,32,8270199.0,9129.0,monoclinic,Pm,6,m,,-1768381.0,-7485.0,0.0,7.0,,semiconductor,005e973de5,Acadia Nanoforge Database,1.0,2025-10-30T15:11:14.904569Z
Er1Ga20Tc6Tm3,Er1Ga20Tc6Tm3,ErTm3(Ga10Tc3)2,Ga; Tc; Er; Tm,4,30,5149494.0,85664.0,orthorhombic,Amm2,38,mm2,3D,-1529091.0,-4063.0,-9.0,1.0,,semiconductor,005f65e331,Acadia Nanoforge Database,1.0,2025-10-30T15:11:14.908393Z
Cu12Ge2Mo2Te16,Cu12Ge2Mo2Te16,Cu6GeTe8Mo,Cu; Ge; Mo; Te,4,32,8674692.0,60132.0,hexagonal,P6_3mc,186,6mm,,-1409846.0,-3301.0,-63.0,2.0,,semiconductor,005fe3c7c9,Acadia Nanoforge Database,1.0,2025-10-30T15:11:14.911232Z
Al1Ba6Ga1K6Sb8,Al1Ba6Ga1K6Sb8,K6Ba6AlGaSb8,Al; K; Ga; Sb; Ba,5,22,9027743.0,39166.0,trigonal,P3m1,156,3m,intercalated ion,-760906.0,-8231.0,-224.0,-1.0,0.5724,semiconductor,00605d5741,Acadia Nanoforge Database,1.0,2025-10-30T15:11:14.915613Z
Be4Pr3Si12Sm5,Be4Pr3Si12Sm5,Pr3Sm5(BeSi3)4,Be; Si; Pr; Sm,4,24,4643125.0,55347.0,orthorhombic,Cmmm,65,mmm,intercalated ion,-1329099.0,-6214.0,-794.0,4.0,0.0162,semiconductor,00609d7e1c,Acadia Nanoforge Database,1.0,2025-10-30T15:11:14.918402Z
Ba40Sb26,Ba40Sb26,Ba20Sb13,Sb; Ba,2,66,30039707.0,47864.0,orthorhombic,Fdd2,43,mm2,intercalated ion,-2568951.0,-11028.0,-15.0,-8.0,,semiconductor,0060a13fcd,Acadia Nanoforge Database,1.0,2025-10-30T15:11:14.921224Z
Ca20Cd2Hg1Si9,Ca20Cd2Hg1Si9,Ca20Cd2Si9Hg,Si; Ca; Cd; Hg,4,32,9101241.0,26998.0,tetragonal,P422,89,422,intercalated ion,-1053941.0,-447.0,-96.0,-28.0,0.0054,semiconductor,0060c965fe,Acadia Nanoforge Database,1.0,2025-10-30T15:11:14.923817Z
