assigned_lens,primary_lens,rank_in_band,formula,family,architectural_role,color,temp_tier,firing_peak_c,cost_per_kg_eur,estimated_cost_eur,compress_mpa_est,density_g_cm3,bandgap_ev,est_co2_kg_kg,analog_honest,co2_vs_honest_pct,innovation_flags,confidence,kiln_tier,chapter,description,brennkurve_file,in_printed_book
hotplate,hotplate,1,Cu2K4S32,sulfide_polysulfide,sulfide-low-temp,green-red-copper,hotplate,130,11.1,5.55,50,21.725,0.0,0.09,clay_brick,-59.0,zero_kiln,HIGH,atlas,produced,,research/brennkurven/chapter4/Cu2K4S32_brennkurve.png,true
hotplate,hotplate,2,Na4S28,sulfide_polysulfide,sulfide-low-temp,yellow-orange,hotplate,130,5.0,2.48,50,16.875,0.695,0.09,clay_brick,-59.0,zero_kiln,HIGH,atlas,produced,,research/brennkurven/chapter4/Na4S28_brennkurve.png,true
sealed,sealed,3,Cr1Fe1K2S4,sulfide_polysulfide,sulfide-low-temp,yellow-orange,hotplate,600,15.0,7.48,250,25.427,0.0,0.09,clay_brick,-59.0,zero_kiln,HIGH,atlas,produced,,research/brennkurven/chapter4/Cr1Fe1K2S4_brennkurve.png,true
sealed,sealed,5,Cr9Cu3S16,sulfide_metal_composite,sulfide-low-temp,green-red-copper,hotplate,600,24.9,7.48,350,40.315,0.005,0.173,clay_brick,-21.2,zero_kiln,MEDIUM,atlas,produced,,research/brennkurven/chapter4/Cr9Cu3S16_brennkurve.png,true
sealed,sealed,6,Ce1Cu6Na1S6,sulfide_metal_composite,sulfide-low-temp,green-red-copper,hotplate,600,34.4,10.31,350,49.201,0.007,0.173,clay_brick,-21.2,zero_kiln,MEDIUM,atlas,produced,,research/brennkurven/chapter4/Ce1Cu6Na1S6_brennkurve.png,false
sealed,sealed,16,Fe8Na3S8,sulfide_polysulfide,sulfide-low-temp,yellow-orange,hotplate,600,8.7,4.35,50,40.236,0.0,0.09,clay_brick,-59.0,zero_kiln,HIGH,atlas,produced,,research/brennkurven/chapter4/Fe8Na3S8_brennkurve.png,true
sealed,sealed,22,Fe8K40S32,sulfide_polysulfide,sulfide-low-temp,yellow-orange,hotplate,600,13.4,6.69,50,22.168,0.0,0.09,clay_brick,-59.0,zero_kiln,HIGH,atlas,produced,,research/brennkurven/chapter4/Fe8K40S32_brennkurve.png,true
sealed,sealed,28,K1Na7S24,sulfide_polysulfide,sulfide-low-temp,yellow-orange,hotplate,600,5.5,2.76,50,1.874,1.746,0.09,clay_brick,-59.0,zero_kiln,HIGH,atlas,produced,,research/brennkurven/chapter4/K1Na7S24_brennkurve.png,true
sealed,sealed,32,Al4K4S16Si4,sulfide_polysulfide,sulfide-low-temp,yellow-orange,hotplate,600,10.5,5.27,50,19.621,3.429,0.09,clay_brick,-59.0,zero_kiln,HIGH,atlas,produced,,research/brennkurven/chapter4/Al4K4S16Si4_brennkurve.png,true
sealed,sealed,34,Al12K4S20,sulfide_polysulfide,sulfide-low-temp,yellow-orange,hotplate,600,13.8,6.88,50,20.066,3.433,0.09,clay_brick,-59.0,zero_kiln,HIGH,atlas,produced,,research/brennkurven/chapter4/Al12K4S20_brennkurve.png,true
sealed,sealed,36,K6S27Ti6,sulfide_polysulfide,sulfide-low-temp,yellow-orange,hotplate,600,11.6,5.79,50,22.929,0.0,0.09,clay_brick,-59.0,zero_kiln,HIGH,atlas,produced,,research/brennkurven/chapter4/K6S27Ti6_brennkurve.png,false
sealed,sealed,41,Cu12S16Si2W2,sulfide_metal_composite,sulfide-low-temp,green-red-copper,hotplate,850,133.4,40.02,50,46.838,1.286,0.173,clay_brick,-21.2,zero_kiln,MEDIUM,atlas,produced,,research/brennkurven/chapter4/Cu12S16Si2W2_brennkurve.png,true
sealed,sealed,61,B12S2,sulfide_other,sulfide-low-temp,yellow-orange,unknown,600,44.8,8.95,50,25.765,1.222,0.191,clay_brick,-13.3,zero_kiln,MEDIUM,atlas,produced,,research/brennkurven/chapter4/B12S2_brennkurve.png,true
kiln,kiln,20,K2O21Si8Sr4,alkali_silicate_glass,structural-translucent-glass,clear,high-fire,1350,12.7,5.08,500,30.571,4.386,0.844,float_glass,-1.9,,HIGH,atlas,produced,,research/brennkurven/chapter4/K2O21Si8Sr4_brennkurve.png,true
kiln,kiln,24,Na8O4S8Si4,alkali_silicate_glass,structural-translucent-glass,clear,high-fire,1100,2.7,1.08,500,20.777,3.558,0.844,float_glass,-1.9,,HIGH,atlas,produced,,research/brennkurven/chapter4/Na8O4S8Si4_brennkurve.png,true
kiln,kiln,27,Ca4K4O18Si6,calcium_silicate,cement-alternative,white-grey,high-fire,1100,6.4,6.37,500,24.648,4.106,0.675,portland_cement,-18.7,,HIGH,atlas,produced,,research/brennkurven/chapter4/Ca4K4O18Si6_brennkurve.png,true
kiln,kiln,32,Ca6Fe2O16Si4,calcium_silicate,cement-alternative,amber-brown,high-fire,1150,3.6,3.63,50,3.166,3.529,0.675,portland_cement,-18.7,,HIGH,atlas,produced,,research/brennkurven/chapter4/Ca6Fe2O16Si4_brennkurve.png,true
kiln,kiln,40,Ca12O4Si3Sn1,calcium_silicate,cement-alternative,white-grey,high-fire,1400,10.0,9.98,50,28.859,0.0,0.675,portland_cement,-18.7,,HIGH,atlas,produced,,research/brennkurven/chapter4/Ca12O4Si3Sn1_brennkurve.png,false
kiln,kiln,44,Ca13O1Si14,calcium_silicate,cement-alternative,white-grey,high-fire,1150,5.5,5.51,50,24.318,0.0,0.675,portland_cement,-18.7,,HIGH,atlas,produced,,research/brennkurven/chapter4/Ca13O1Si14_brennkurve.png,true
kiln,kiln,61,Al1Fe3K4O8,iron_oxide_ceramic,structural-ceramic,amber-brown,high-fire,900,8.9,8.91,100,30.053,2.372,0.787,clay_brick,258.0,visible_absorber,HIGH,atlas,produced,,research/brennkurven/chapter4/Al1Fe3K4O8_brennkurve.png,true
kiln,kiln,121,Li2O4Sr1Ti1,perovskite_ceramic,functional-ceramic,neutral,extreme-fire,950,47.9,9.57,100,35.864,4.615,0.975,clay_brick,343.2,ferroelectric,MEDIUM,atlas,produced,,research/brennkurven/chapter4/Li2O4Sr1Ti1_brennkurve.png,true
extreme,extreme,4,Cu23S1Zr6,sulfide_other,sulfide-low-temp,green-red-copper,unknown,1050,57.6,11.53,350,79.556,0.019,0.191,clay_brick,-13.3,zero_kiln,MEDIUM,atlas,produced,,research/brennkurven/chapter4/Cu23S1Zr6_brennkurve.png,true
extreme,extreme,5,Bi6Ce10Cu1S1,sulfide_other,sulfide-low-temp,green-red-copper,unknown,950,45.4,9.08,350,87.714,0.0,0.145,clay_brick,-34.1,zero_kiln,MEDIUM,atlas,produced,,research/brennkurven/chapter4/Bi6Ce10Cu1S1_brennkurve.png,true
hotplate,hotplate,3,S10Zn2,sulfide_metal_composite,sulfide-low-temp,yellow-orange,hotplate,130,7.2,2.15,50,15.241,2.196,0.173,clay_brick,-21.2,zero_kiln,MEDIUM,atlas,potential,,research/brennkurven/chapter4/S10Zn2_brennkurve.png,true
hotplate,hotplate,4,S18V2,sulfide_other,sulfide-low-temp,yellow-orange,unknown,130,31.1,6.21,50,16.215,0.0,0.191,clay_brick,-13.3,zero_kiln,MEDIUM,atlas,potential,,research/brennkurven/chapter4/S18V2_brennkurve.png,true
hotplate,hotplate,5,Al4S28,sulfide_other,sulfide-low-temp,yellow-orange,unknown,130,7.5,1.5,50,15.103,0.0,0.191,clay_brick,-13.3,zero_kiln,MEDIUM,atlas,potential,,research/brennkurven/chapter4/Al4S28_brennkurve.png,true
sealed,sealed,1,Cr2Cu4K4S8,sulfide_polysulfide,sulfide-low-temp,green-red-copper,hotplate,600,27.0,13.52,350,32.333,0.013,0.09,clay_brick,-59.0,zero_kiln,HIGH,atlas,potential,,research/brennkurven/chapter4/Cr2Cu4K4S8_brennkurve.png,true
sealed,sealed,2,Cu3Mn1Na2S4,sulfide_polysulfide,sulfide-low-temp,green-red-copper,hotplate,600,28.9,14.45,350,39.225,0.003,0.09,clay_brick,-59.0,zero_kiln,HIGH,atlas,potential,,research/brennkurven/chapter4/Cu3Mn1Na2S4_brennkurve.png,true
sealed,sealed,4,Co2Cu2Mn2S8,sulfide_metal_composite,sulfide-low-temp,blue,hotplate,600,67.2,20.16,350,45.552,0.003,0.173,clay_brick,-21.2,zero_kiln,MEDIUM,atlas,potential,,research/brennkurven/chapter4/Co2Cu2Mn2S8_brennkurve.png,true
sealed,sealed,7,Cu1S16V9,sulfide_metal_composite,sulfide-low-temp,green-red-copper,hotplate,500,84.6,25.39,350,40.466,0.006,0.173,clay_brick,-21.2,zero_kiln,MEDIUM,atlas,potential,,research/brennkurven/chapter4/Cu1S16V9_brennkurve.png,true
sealed,sealed,8,Cu6S6Se2Ti1V1,sulfide_metal_composite,sulfide-low-temp,green-red-copper,hotplate,500,46.1,13.82,350,4.141,0.004,0.173,clay_brick,-21.2,zero_kiln,MEDIUM,atlas,potential,,research/brennkurven/chapter4/Cu6S6Se2Ti1V1_brennkurve.png,true
sealed,sealed,9,Fe4S3Se1,sulfide_metal_composite,sulfide-low-temp,yellow-orange,hotplate,600,17.5,5.26,250,45.156,0.02,0.173,clay_brick,-21.2,zero_kiln,MEDIUM,atlas,potential,,research/brennkurven/chapter4/Fe4S3Se1_brennkurve.png,true
sealed,sealed,10,Co1Cu1Nb6S12,sulfide_metal_composite,sulfide-low-temp,blue,hotplate,800,168.7,50.6,350,50.545,0.004,0.173,clay_brick,-21.2,zero_kiln,MEDIUM,atlas,potential,,research/brennkurven/chapter4/Co1Cu1Nb6S12_brennkurve.png,true
sealed,sealed,11,Co1Fe3S3Se1,sulfide_metal_composite,sulfide-low-temp,blue,hotplate,600,53.1,15.94,250,45.346,0.003,0.173,clay_brick,-21.2,zero_kiln,MEDIUM,atlas,potential,,research/brennkurven/chapter4/Co1Fe3S3Se1_brennkurve.png,true
sealed,sealed,12,Cu4Nb6S11Se1,sulfide_metal_composite,sulfide-low-temp,green-red-copper,hotplate,800,143.1,42.93,350,52.374,0.013,0.173,clay_brick,-21.2,zero_kiln,MEDIUM,atlas,potential,,research/brennkurven/chapter4/Cu4Nb6S11Se1_brennkurve.png,true
sealed,sealed,13,Cu1S4Y5,sulfide_metal_composite,sulfide-low-temp,green-red-copper,hotplate,600,32.6,9.79,350,48.747,0.007,0.173,clay_brick,-21.2,zero_kiln,MEDIUM,atlas,potential,,research/brennkurven/chapter4/Cu1S4Y5_brennkurve.png,true
sealed,sealed,14,Co3Mn5Na4S16,sulfide_polysulfide,sulfide-low-temp,blue,hotplate,600,53.6,26.81,150,31.909,0.0,0.09,clay_brick,-59.0,zero_kiln,HIGH,atlas,potential,,research/brennkurven/chapter4/Co3Mn5Na4S16_brennkurve.png,true
sealed,sealed,15,Cu2K1S1Se1,sulfide_other,sulfide-low-temp,green-red-copper,unknown,600,40.5,8.11,350,4.516,0.003,0.191,clay_brick,-13.3,zero_kiln,MEDIUM,atlas,potential,,research/brennkurven/chapter4/Cu2K1S1Se1_brennkurve.png,true
sealed,sealed,17,K4Mn8S16,sulfide_polysulfide,sulfide-low-temp,yellow-orange,hotplate,600,17.6,8.8,150,30.344,0.0,0.09,clay_brick,-59.0,zero_kiln,HIGH,atlas,potential,,research/brennkurven/chapter4/K4Mn8S16_brennkurve.png,true
sealed,sealed,18,Co17Fe1S16,sulfide_metal_composite,sulfide-low-temp,blue,hotplate,600,164.2,49.27,250,55.815,0.002,0.173,clay_brick,-21.2,zero_kiln,MEDIUM,atlas,potential,,research/brennkurven/chapter4/Co17Fe1S16_brennkurve.png,true
sealed,sealed,19,Cu1Mn1Na1S2,sulfide_polysulfide,sulfide-low-temp,green-red-copper,hotplate,600,26.0,13.01,50,36.573,0.563,0.09,clay_brick,-59.0,zero_kiln,HIGH,atlas,potential,,research/brennkurven/chapter4/Cu1Mn1Na1S2_brennkurve.png,true
sealed,sealed,20,Mn6Na2S6,sulfide_polysulfide,sulfide-low-temp,yellow-orange,hotplate,600,20.4,10.22,150,39.933,0.008,0.09,clay_brick,-59.0,zero_kiln,HIGH,atlas,potential,,research/brennkurven/chapter4/Mn6Na2S6_brennkurve.png,true
sealed,sealed,21,K2Mn6S6,sulfide_polysulfide,sulfide-low-temp,yellow-orange,hotplate,600,21.5,10.76,150,38.048,0.02,0.09,clay_brick,-59.0,zero_kiln,HIGH,atlas,potential,,research/brennkurven/chapter4/K2Mn6S6_brennkurve.png,true
sealed,sealed,23,S16Sr1Ti12,sulfide_polysulfide,sulfide-low-temp,yellow-orange,hotplate,600,16.4,8.21,150,37.006,0.004,0.09,clay_brick,-59.0,zero_kiln,HIGH,atlas,potential,,research/brennkurven/chapter4/S16Sr1Ti12_brennkurve.png,true
sealed,sealed,24,K1S2V2,sulfide_polysulfide,sulfide-low-temp,yellow-orange,hotplate,500,93.9,46.97,150,36.334,0.064,0.09,clay_brick,-59.0,zero_kiln,HIGH,atlas,potential,,research/brennkurven/chapter4/K1S2V2_brennkurve.png,true
sealed,sealed,25,Fe4Nb18S12,sulfide_metal_composite,sulfide-low-temp,yellow-orange,hotplate,800,211.8,63.53,250,59.597,0.015,0.173,clay_brick,-21.2,zero_kiln,MEDIUM,atlas,potential,,research/brennkurven/chapter4/Fe4Nb18S12_brennkurve.png,true
sealed,sealed,26,K4S12Si4Sn2,sulfide_polysulfide,sulfide-low-temp,yellow-orange,hotplate,600,16.5,8.27,50,24.041,2.756,0.09,clay_brick,-59.0,zero_kiln,HIGH,atlas,potential,,research/brennkurven/chapter4/K4S12Si4Sn2_brennkurve.png,true
sealed,sealed,27,Nb12S16Sr1,sulfide_polysulfide,sulfide-low-temp,yellow-orange,hotplate,800,188.8,94.4,150,51.607,0.019,0.09,clay_brick,-59.0,zero_kiln,HIGH,atlas,potential,,research/brennkurven/chapter4/Nb12S16Sr1_brennkurve.png,true
sealed,sealed,29,Na6S12Te6,sulfide_polysulfide,sulfide-low-temp,yellow-orange,hotplate,600,2.0,0.99,150,34.819,0.004,0.09,clay_brick,-59.0,zero_kiln,HIGH,atlas,potential,,research/brennkurven/chapter4/Na6S12Te6_brennkurve.png,true
sealed,sealed,30,K4Na4S24,sulfide_polysulfide,sulfide-low-temp,yellow-orange,hotplate,600,7.2,3.59,50,18.118,1.707,0.09,clay_brick,-59.0,zero_kiln,HIGH,atlas,potential,,research/brennkurven/chapter4/K4Na4S24_brennkurve.png,true
sealed,sealed,31,Mn2Na4S12Si4,sulfide_polysulfide,sulfide-low-temp,yellow-orange,hotplate,600,9.4,4.68,50,22.684,1.664,0.09,clay_brick,-59.0,zero_kiln,HIGH,atlas,potential,,research/brennkurven/chapter4/Mn2Na4S12Si4_brennkurve.png,true
sealed,sealed,33,Mg2Na14S9,sulfide_polysulfide,sulfide-low-temp,yellow-orange,hotplate,600,17.2,8.62,50,17.982,2.561,0.09,clay_brick,-59.0,zero_kiln,HIGH,atlas,potential,,research/brennkurven/chapter4/Mg2Na14S9_brennkurve.png,true
sealed,sealed,35,Ca6S8Zr1,sulfide_polysulfide,sulfide-low-temp,yellow-orange,hotplate,800,16.8,8.39,50,26.763,0.0,0.09,clay_brick,-59.0,zero_kiln,HIGH,atlas,potential,,research/brennkurven/chapter4/Ca6S8Zr1_brennkurve.png,true
sealed,sealed,37,Bi4Cu9S12,sulfide_metal_composite,sulfide-low-temp,green-red-copper,hotplate,550,43.0,12.91,50,57.003,0.0,0.173,clay_brick,-21.2,zero_kiln,MEDIUM,atlas,potential,,research/brennkurven/chapter4/Bi4Cu9S12_brennkurve.png,true
sealed,sealed,38,Ce6S16Se2Si4,sulfide_other,sulfide-low-temp,yellow-orange,unknown,600,26.0,5.2,150,41.392,0.0,0.191,clay_brick,-13.3,zero_kiln,MEDIUM,atlas,potential,,research/brennkurven/chapter4/Ce6S16Se2Si4_brennkurve.png,true
sealed,sealed,39,K4Li4S8Sn2,sulfide_polysulfide,sulfide-low-temp,yellow-orange,hotplate,600,39.3,19.67,50,25.202,2.438,0.09,clay_brick,-59.0,zero_kiln,HIGH,atlas,potential,,research/brennkurven/chapter4/K4Li4S8Sn2_brennkurve.png,true
sealed,sealed,40,Cu5S4,sulfide_metal_composite,sulfide-low-temp,green-red-copper,hotplate,600,37.1,11.14,50,49.225,0.0,0.173,clay_brick,-21.2,zero_kiln,MEDIUM,atlas,potential,,research/brennkurven/chapter4/Cu5S4_brennkurve.png,true
sealed,sealed,42,Cr6Na2S6,sulfide_polysulfide,sulfide-low-temp,yellow-orange,hotplate,600,22.8,11.42,50,38.101,0.0,0.09,clay_brick,-59.0,zero_kiln,HIGH,atlas,potential,,research/brennkurven/chapter4/Cr6Na2S6_brennkurve.png,true
sealed,sealed,43,K1Li3S4Si1,sulfide_polysulfide,sulfide-low-temp,yellow-orange,hotplate,600,53.4,26.71,50,16.316,3.601,0.09,clay_brick,-59.0,zero_kiln,HIGH,atlas,potential,,research/brennkurven/chapter4/K1Li3S4Si1_brennkurve.png,true
sealed,sealed,44,B2Cu16S12,sulfide_metal_composite,sulfide-low-temp,green-red-copper,hotplate,600,38.1,11.43,50,53.854,0.0,0.173,clay_brick,-21.2,zero_kiln,MEDIUM,atlas,potential,,research/brennkurven/chapter4/B2Cu16S12_brennkurve.png,true
sealed,sealed,45,Cu2La6S14Ti2,sulfide_metal_composite,sulfide-low-temp,green-red-copper,hotplate,600,39.8,11.93,50,4.464,1.593,0.173,clay_brick,-21.2,zero_kiln,MEDIUM,atlas,potential,,research/brennkurven/chapter4/Cu2La6S14Ti2_brennkurve.png,true
sealed,sealed,46,Na1S4Y3,sulfide_polysulfide,sulfide-low-temp,yellow-orange,hotplate,600,26.1,13.05,50,40.247,0.0,0.09,clay_brick,-59.0,zero_kiln,HIGH,atlas,potential,,research/brennkurven/chapter4/Na1S4Y3_brennkurve.png,true
sealed,sealed,47,B36K12S34,sulfide_polysulfide,sulfide-low-temp,yellow-orange,hotplate,600,20.3,10.17,50,17.916,0.0,0.09,clay_brick,-59.0,zero_kiln,HIGH,atlas,potential,,research/brennkurven/chapter4/B36K12S34_brennkurve.png,true
sealed,sealed,48,Mn4S4Sb4,sulfide_metal_composite,sulfide-low-temp,yellow-orange,hotplate,600,30.0,9.01,150,65.836,0.008,0.173,clay_brick,-21.2,zero_kiln,MEDIUM,atlas,potential,,research/brennkurven/chapter4/Mn4S4Sb4_brennkurve.png,true
sealed,sealed,49,Al4Mn1S8Zn1,sulfide_metal_composite,sulfide-low-temp,yellow-orange,hotplate,600,14.2,4.27,50,,0.0,0.173,clay_brick,-21.2,zero_kiln,MEDIUM,atlas,potential,,research/brennkurven/chapter4/Al4Mn1S8Zn1_brennkurve.png,true
sealed,sealed,50,K3Ru8S8,sulfide_polysulfide,sulfide-low-temp,yellow-orange,hotplate,600,3.0,1.52,50,48.872,0.0,0.09,clay_brick,-59.0,zero_kiln,HIGH,atlas,potential,,research/brennkurven/chapter4/K3Ru8S8_brennkurve.png,true
sealed,sealed,51,C1Gd1S1Sm1,sulfide_other,sulfide-low-temp,yellow-orange,unknown,600,456.6,91.32,150,72.122,0.009,0.191,clay_brick,-13.3,zero_kiln,MEDIUM,atlas,potential,,research/brennkurven/chapter4/C1Gd1S1Sm1_brennkurve.png,true
sealed,sealed,52,Al32S32Si8,sulfide_other,sulfide-low-temp,yellow-orange,unknown,600,14.7,2.94,50,23.217,0.0,0.191,clay_brick,-13.3,zero_kiln,MEDIUM,atlas,potential,,research/brennkurven/chapter4/Al32S32Si8_brennkurve.png,true
sealed,sealed,53,Li4Mg2S8Si2,sulfide_other,sulfide-low-temp,yellow-orange,unknown,600,60.1,12.02,50,19.737,3.389,0.191,clay_brick,-13.3,zero_kiln,MEDIUM,atlas,potential,,research/brennkurven/chapter4/Li4Mg2S8Si2_brennkurve.png,true
sealed,sealed,54,Co8S12Sn12,sulfide_other,sulfide-low-temp,blue,unknown,600,77.2,15.45,50,61.251,0.406,0.191,clay_brick,-13.3,zero_kiln,MEDIUM,atlas,potential,,research/brennkurven/chapter4/Co8S12Sn12_brennkurve.png,true
sealed,sealed,55,Li16S12Si2,sulfide_other,sulfide-low-temp,yellow-orange,unknown,600,100.5,20.11,50,17.196,3.336,0.191,clay_brick,-13.3,zero_kiln,MEDIUM,atlas,potential,,research/brennkurven/chapter4/Li16S12Si2_brennkurve.png,true
sealed,sealed,56,S2Se1Y2,sulfide_other,sulfide-low-temp,yellow-orange,unknown,600,34.4,6.88,50,37.996,1.872,0.191,clay_brick,-13.3,zero_kiln,MEDIUM,atlas,potential,,research/brennkurven/chapter4/S2Se1Y2_brennkurve.png,true
sealed,sealed,57,Na16S8Se8Ti4,sulfide_other,sulfide-low-temp,yellow-orange,unknown,600,27.2,5.44,50,26.348,0.0,0.191,clay_brick,-13.3,zero_kiln,MEDIUM,atlas,potential,,research/brennkurven/chapter4/Na16S8Se8Ti4_brennkurve.png,true
sealed,sealed,58,Nd8S9Se3,sulfide_other,sulfide-low-temp,yellow-orange,unknown,600,168.2,33.64,50,56.688,0.586,0.191,clay_brick,-13.3,zero_kiln,MEDIUM,atlas,potential,,research/brennkurven/chapter4/Nd8S9Se3_brennkurve.png,true
sealed,sealed,59,Bi4Ru4S4,sulfide_other,sulfide-low-temp,yellow-orange,unknown,550,34.6,6.92,50,94.167,0.346,0.145,clay_brick,-34.1,zero_kiln,MEDIUM,atlas,potential,,research/brennkurven/chapter4/Bi4Ru4S4_brennkurve.png,true
sealed,sealed,60,Cr5K1S2Se6,sulfide_other,sulfide-low-temp,yellow-orange,unknown,600,41.0,8.19,50,47.926,0.0,0.191,clay_brick,-13.3,zero_kiln,MEDIUM,atlas,potential,,research/brennkurven/chapter4/Cr5K1S2Se6_brennkurve.png,true
kiln,kiln,1,Fe2K4O8Si2,alkali_silicate_glass,structural-translucent-glass,amber-brown,high-fire,1050,10.5,4.2,500,29.425,2.445,0.844,float_glass,-1.9,visible_absorber,HIGH,atlas,potential,,research/brennkurven/chapter4/Fe2K4O8Si2_brennkurve.png,true
kiln,kiln,2,Fe2Na4O20Si8,alkali_silicate_glass,structural-translucent-glass,amber-brown,high-fire,1300,4.3,1.74,500,27.002,2.928,0.844,float_glass,-1.9,,HIGH,atlas,potential,,research/brennkurven/chapter4/Fe2Na4O20Si8_brennkurve.png,true
kiln,kiln,3,Fe2K4O12Si4,alkali_silicate_glass,structural-translucent-glass,amber-brown,high-fire,1150,9.0,3.59,500,27.075,2.827,0.844,float_glass,-1.9,,HIGH,atlas,potential,,research/brennkurven/chapter4/Fe2K4O12Si4_brennkurve.png,true
kiln,kiln,4,K4O18Si6W2,alkali_silicate_glass,structural-translucent-glass,clear,high-fire,1300,193.5,77.39,500,37.671,2.862,0.844,float_glass,-1.9,electrochromic_tungstate,HIGH,atlas,potential,,research/brennkurven/chapter4/K4O18Si6W2_brennkurve.png,true
kiln,kiln,5,K4O23Si8W2,alkali_silicate_glass,structural-translucent-glass,clear,high-fire,1300,170.3,68.11,500,33.261,3.362,0.844,float_glass,-1.9,electrochromic_tungstate,HIGH,atlas,potential,,research/brennkurven/chapter4/K4O23Si8W2_brennkurve.png,true
kiln,kiln,6,Na4O22Si8W2,alkali_silicate_glass,structural-translucent-glass,clear,high-fire,1300,180.9,72.38,500,36.089,3.301,0.844,float_glass,-1.9,electrochromic_tungstate,HIGH,atlas,potential,,research/brennkurven/chapter4/Na4O22Si8W2_brennkurve.png,true
kiln,kiln,7,Cr2K4O20Si8,alkali_silicate_glass,structural-translucent-glass,green,high-fire,1300,10.4,4.18,500,26.131,2.797,0.844,float_glass,-1.9,,HIGH,atlas,potential,,research/brennkurven/chapter4/Cr2K4O20Si8_brennkurve.png,true
kiln,kiln,8,K2Mn1O8Si3,alkali_silicate_glass,structural-translucent-glass,purple-brown,high-fire,1300,11.2,4.47,500,26.398,2.84,0.844,float_glass,-1.9,,HIGH,atlas,potential,,research/brennkurven/chapter4/K2Mn1O8Si3_brennkurve.png,true
kiln,kiln,9,K4Mn2O12Si4,alkali_silicate_glass,structural-translucent-glass,purple-brown,high-fire,1150,12.8,5.14,500,27.652,2.947,0.844,float_glass,-1.9,,HIGH,atlas,potential,,research/brennkurven/chapter4/K4Mn2O12Si4_brennkurve.png,true
kiln,kiln,10,Mn2Na4O20Si8,alkali_silicate_glass,structural-translucent-glass,purple-brown,high-fire,1300,7.3,2.93,500,26.546,inf,0.844,float_glass,-1.9,,HIGH,atlas,potential,,research/brennkurven/chapter4/Mn2Na4O20Si8_brennkurve.png,true
kiln,kiln,11,Co2Na4O16Si6,alkali_silicate_glass,structural-translucent-glass,blue,high-fire,1300,49.8,19.91,500,28.243,3.145,0.844,float_glass,-1.9,,HIGH,atlas,potential,,research/brennkurven/chapter4/Co2Na4O16Si6_brennkurve.png,true
kiln,kiln,12,Co1K2O8Si3,alkali_silicate_glass,structural-translucent-glass,blue,high-fire,1300,49.0,19.58,500,27.316,3.116,0.844,float_glass,-1.9,,HIGH,atlas,potential,,research/brennkurven/chapter4/Co1K2O8Si3_brennkurve.png,true
kiln,kiln,13,K4O18Si6V2,alkali_silicate_glass,structural-translucent-glass,grey-blue,high-fire,1300,31.4,12.55,500,29.054,1.509,0.844,float_glass,-1.9,visible_absorber,HIGH,atlas,potential,,research/brennkurven/chapter4/K4O18Si6V2_brennkurve.png,true
kiln,kiln,14,Bi4Na4O16Si4,alkali_silicate_glass,structural-translucent-glass,clear,high-fire,1000,37.0,14.8,500,53.373,3.361,0.844,float_glass,-1.9,,HIGH,atlas,potential,,research/brennkurven/chapter4/Bi4Na4O16Si4_brennkurve.png,true
kiln,kiln,15,K4Mn2O18Si6,alkali_silicate_glass,structural-translucent-glass,purple-brown,high-fire,1300,10.7,4.27,500,2.793,1.77,0.844,float_glass,-1.9,,HIGH,atlas,potential,,research/brennkurven/chapter4/K4Mn2O18Si6_brennkurve.png,true
kiln,kiln,16,K2O7Si2Sn2,alkali_silicate_glass,structural-translucent-glass,clear,high-fire,1150,22.8,9.1,500,37.641,2.679,0.844,float_glass,-1.9,,HIGH,atlas,potential,,research/brennkurven/chapter4/K2O7Si2Sn2_brennkurve.png,true
kiln,kiln,17,Co2K4O12Si4,alkali_silicate_glass,structural-translucent-glass,blue,high-fire,1150,58.5,23.38,500,29.284,3.219,0.844,float_glass,-1.9,,HIGH,atlas,potential,,research/brennkurven/chapter4/Co2K4O12Si4_brennkurve.png,true
kiln,kiln,18,Na4O18Si6Sn2,alkali_silicate_glass,structural-translucent-glass,clear,high-fire,1300,13.6,5.43,500,30.635,3.659,0.844,float_glass,-1.9,,HIGH,atlas,potential,,research/brennkurven/chapter4/Na4O18Si6Sn2_brennkurve.png,true
kiln,kiln,19,Mn4Na8O20Si6,alkali_silicate_glass,structural-translucent-glass,purple-brown,high-fire,1150,10.1,4.05,500,29.573,2.422,0.844,float_glass,-1.9,,HIGH,atlas,potential,,research/brennkurven/chapter4/Mn4Na8O20Si6_brennkurve.png,true
kiln,kiln,21,K4Mg2O12Si4,alkali_silicate_glass,structural-translucent-glass,clear,high-fire,1150,24.1,9.64,500,25.667,4.408,0.844,float_glass,-1.9,,HIGH,atlas,potential,,research/brennkurven/chapter4/K4Mg2O12Si4_brennkurve.png,true
kiln,kiln,22,K4Mo2O18Si6,alkali_silicate_glass,structural-translucent-glass,clear,high-fire,1300,59.0,23.58,500,31.066,1.748,0.844,float_glass,-1.9,,HIGH,atlas,potential,,research/brennkurven/chapter4/K4Mo2O18Si6_brennkurve.png,true
kiln,kiln,23,K12Na4O16Si4,alkali_silicate_glass,structural-translucent-glass,clear,high-fire,1050,11.2,4.48,500,25.654,3.226,0.844,float_glass,-1.9,,HIGH,atlas,potential,,research/brennkurven/chapter4/K12Na4O16Si4_brennkurve.png,true
kiln,kiln,25,K4O20Si8V2,alkali_silicate_glass,structural-translucent-glass,grey-blue,high-fire,1300,28.4,11.36,500,26.061,0.0,0.844,float_glass,-1.9,,HIGH,atlas,potential,,research/brennkurven/chapter4/K4O20Si8V2_brennkurve.png,true
kiln,kiln,26,K4Mg2O20Si8,alkali_silicate_glass,structural-translucent-glass,clear,high-fire,1300,17.4,6.96,500,24.699,0.0,0.844,float_glass,-1.9,,HIGH,atlas,potential,,research/brennkurven/chapter4/K4Mg2O20Si8_brennkurve.png,true
kiln,kiln,28,Co4Na4O14Si4,alkali_silicate_glass,structural-translucent-glass,blue,high-fire,1150,92.1,36.85,500,32.818,0.0,0.844,float_glass,-1.9,,HIGH,atlas,potential,,research/brennkurven/chapter4/Co4Na4O14Si4_brennkurve.png,true
kiln,kiln,29,K12O2Se12Si4,alkali_silicate_glass,structural-translucent-glass,clear,high-fire,1050,36.8,14.73,500,2.792,2.48,0.844,float_glass,-1.9,,HIGH,atlas,potential,,research/brennkurven/chapter4/K12O2Se12Si4_brennkurve.png,true
kiln,kiln,30,Ca6O16Si4V2,calcium_silicate,cement-alternative,white-grey,high-fire,1100,28.3,28.29,50,31.158,2.188,0.675,portland_cement,-18.7,visible_absorber,HIGH,atlas,potential,,research/brennkurven/chapter4/Ca6O16Si4V2_brennkurve.png,true
kiln,kiln,31,Ca4O16Si4V4,calcium_silicate,cement-alternative,white-grey,high-fire,1050,51.8,51.75,50,33.444,1.959,0.675,portland_cement,-18.7,visible_absorber,HIGH,atlas,potential,,research/brennkurven/chapter4/Ca4O16Si4V4_brennkurve.png,true
kiln,kiln,33,Ca5O16Si4Sr3,calcium_silicate,cement-alternative,white-grey,high-fire,1350,10.6,10.59,50,32.663,4.037,0.675,portland_cement,-18.7,,HIGH,atlas,potential,,research/brennkurven/chapter4/Ca5O16Si4Sr3_brennkurve.png,true
kiln,kiln,34,Ca8O16Si3V1,calcium_silicate,cement-alternative,white-grey,high-fire,1325,15.8,15.79,50,29.324,0.0,0.675,portland_cement,-18.7,,HIGH,atlas,potential,,research/brennkurven/chapter4/Ca8O16Si3V1_brennkurve.png,true
kiln,kiln,35,Ca6Mn2O16Si4,calcium_silicate,cement-alternative,purple-brown,high-fire,1200,4.3,4.27,50,31.158,0.0,0.675,portland_cement,-18.7,,HIGH,atlas,potential,,research/brennkurven/chapter4/Ca6Mn2O16Si4_brennkurve.png,true
kiln,kiln,36,Ca12Mo4O36Si8,calcium_silicate,cement-alternative,white-grey,high-fire,1150,54.2,54.16,50,34.888,0.0,0.675,portland_cement,-18.7,,HIGH,atlas,potential,,research/brennkurven/chapter4/Ca12Mo4O36Si8_brennkurve.png,true
kiln,kiln,37,Ca9Ce1O1Si6,calcium_silicate,cement-alternative,white-grey,high-fire,1200,11.7,11.74,50,26.659,0.02,0.675,portland_cement,-18.7,,HIGH,atlas,potential,,research/brennkurven/chapter4/Ca9Ce1O1Si6_brennkurve.png,true
kiln,kiln,38,Ca20O48P7Si4V1,calcium_phosphate,bioceramic-white,white,high-fire,1175,23.8,11.89,100,29.715,3.517,0.825,portland_cement,-0.6,bioactive,MEDIUM,atlas,potential,,research/brennkurven/chapter4/Ca20O48P7Si4V1_brennkurve.png,true
kiln,kiln,39,Ca4O20Si4Ti3V1,calcium_silicate,cement-alternative,white-grey,high-fire,1050,18.1,18.05,50,3.448,1.913,0.675,portland_cement,-18.7,visible_absorber,MEDIUM,atlas,potential,,research/brennkurven/chapter4/Ca4O20Si4Ti3V1_brennkurve.png,true
kiln,kiln,41,Ca2O10Si2Ti1V1,calcium_silicate,cement-alternative,white-grey,high-fire,1050,28.0,27.98,50,3.476,1.718,0.675,portland_cement,-18.7,visible_absorber,MEDIUM,atlas,potential,,research/brennkurven/chapter4/Ca2O10Si2Ti1V1_brennkurve.png,true
kiln,kiln,42,Al2Ca12O48Si12V6,calcium_silicate,cement-alternative,white-grey,high-fire,1050,31.2,31.18,200,35.913,0.0,0.675,portland_cement,-18.7,,MEDIUM,atlas,potential,,research/brennkurven/chapter4/Al2Ca12O48Si12V6_brennkurve.png,true
kiln,kiln,43,Ca19O48P8Si4Sr1,silicocarnotite,bioceramic-white,white,high-fire,1175,22.3,22.31,100,30.213,4.794,0.787,portland_cement,-5.1,bioactive,MEDIUM,atlas,potential,,research/brennkurven/chapter4/Ca19O48P8Si4Sr1_brennkurve.png,true
kiln,kiln,45,Ca4Co2Fe2O16Si4,calcium_silicate,cement-alternative,blue,high-fire,1120,42.5,42.51,50,3.523,2.772,0.675,portland_cement,-18.7,,MEDIUM,atlas,potential,,research/brennkurven/chapter4/Ca4Co2Fe2O16Si4_brennkurve.png,true
kiln,kiln,46,Ca4Fe1Mn3O16Si4,calcium_silicate,cement-alternative,purple-brown,high-fire,1120,4.5,4.48,50,33.789,2.64,0.675,portland_cement,-18.7,,MEDIUM,atlas,potential,,research/brennkurven/chapter4/Ca4Fe1Mn3O16Si4_brennkurve.png,true
kiln,kiln,47,Ca4Fe3Mn1O16Si4,calcium_silicate,cement-alternative,purple-brown,high-fire,1120,4.6,4.59,50,34.316,2.833,0.675,portland_cement,-18.7,,MEDIUM,atlas,potential,,research/brennkurven/chapter4/Ca4Fe3Mn1O16Si4_brennkurve.png,true
kiln,kiln,48,Ca4Fe2Mn2O16Si4,calcium_silicate,cement-alternative,purple-brown,high-fire,1120,4.6,4.59,50,34.073,2.637,0.675,portland_cement,-18.7,,MEDIUM,atlas,potential,,research/brennkurven/chapter4/Ca4Fe2Mn2O16Si4_brennkurve.png,true
kiln,kiln,49,Ca8La2O1Si6,calcium_silicate,cement-alternative,white-grey,high-fire,1200,24.2,24.23,50,29.544,0.014,0.675,portland_cement,-18.7,,HIGH,atlas,potential,,research/brennkurven/chapter4/Ca8La2O1Si6_brennkurve.png,true
kiln,kiln,50,Ca8O1Si6Y2,calcium_silicate,cement-alternative,white-grey,high-fire,1200,13.8,13.85,50,26.973,0.0,0.675,portland_cement,-18.7,,HIGH,atlas,potential,,research/brennkurven/chapter4/Ca8O1Si6Y2_brennkurve.png,true
kiln,kiln,51,Ca4Co1Mn3O16Si4,calcium_silicate,cement-alternative,blue,high-fire,1150,23.5,23.54,50,34.149,2.364,0.675,portland_cement,-18.7,,MEDIUM,atlas,potential,,research/brennkurven/chapter4/Ca4Co1Mn3O16Si4_brennkurve.png,true
kiln,kiln,52,Ca12Fe5O48Si12V3,calcium_silicate,cement-alternative,amber-brown,high-fire,1020,16.7,16.74,50,3.686,0.0,0.675,portland_cement,-18.7,,MEDIUM,atlas,potential,,research/brennkurven/chapter4/Ca12Fe5O48Si12V3_brennkurve.png,true
kiln,kiln,53,Ca12Cr2Fe6O48Si12,calcium_silicate,cement-alternative,green,high-fire,1120,5.1,5.09,50,37.122,0.0,0.675,portland_cement,-18.7,,MEDIUM,atlas,potential,,research/brennkurven/chapter4/Ca12Cr2Fe6O48Si12_brennkurve.png,true
kiln,kiln,54,Ca12Cr3Fe5O48Si12,calcium_silicate,cement-alternative,green,high-fire,1120,6.0,6.04,50,37.106,0.0,0.675,portland_cement,-18.7,,MEDIUM,atlas,potential,,research/brennkurven/chapter4/Ca12Cr3Fe5O48Si12_brennkurve.png,true
kiln,kiln,55,Ca17O48P8Si4Sr3,calcium_phosphate,bioceramic-white,white,high-fire,1175,23.4,11.69,100,31.361,0.0,0.825,portland_cement,-0.6,bioactive,MEDIUM,atlas,potential,,research/brennkurven/chapter4/Ca17O48P8Si4Sr3_brennkurve.png,false
kiln,kiln,56,Ca16O48P8Si4Sr4,calcium_phosphate,bioceramic-white,white,high-fire,1175,23.9,11.93,100,31.917,0.0,0.825,portland_cement,-0.6,bioactive,MEDIUM,atlas,potential,,research/brennkurven/chapter4/Ca16O48P8Si4Sr4_brennkurve.png,true
kiln,kiln,57,Ca12Mo2O48Si12V6,calcium_silicate,cement-alternative,white-grey,high-fire,1000,49.1,49.11,50,37.331,0.0,0.675,portland_cement,-18.7,,MEDIUM,atlas,potential,,research/brennkurven/chapter4/Ca12Mo2O48Si12V6_brennkurve.png,true
kiln,kiln,58,Ca4Co3Mn1O16Si4,calcium_silicate,cement-alternative,blue,high-fire,1150,62.7,62.72,50,35.332,0.0,0.675,portland_cement,-18.7,,MEDIUM,atlas,potential,,research/brennkurven/chapter4/Ca4Co3Mn1O16Si4_brennkurve.png,true
kiln,kiln,59,B6O16Si2Sr3,borosilicate_glass,structural-translucent-advanced,neutral,extreme-fire,1300,18.1,3.63,500,35.841,0.0,1.012,float_glass,17.7,,MEDIUM,atlas,potential,,research/brennkurven/chapter4/B6O16Si2Sr3_brennkurve.png,true
kiln,kiln,60,C2Mo2Na6O14Si2,heavy_oxide_ceramic,thermal-mass-ceramic,neutral,high-fire,975,69.7,13.93,500,31.447,0.0,0.938,clay_brick,326.1,,MEDIUM,atlas,potential,,research/brennkurven/chapter4/C2Mo2Na6O14Si2_brennkurve.png,true
kiln,kiln,62,Al1Co1Fe2O12Pr4,rare_earth_oxide,rare-earth-ceramic,blue,high-fire,1400,303.5,30.35,100,67.394,2.035,0.9,clay_brick,309.1,uv_luminescent; visible_absorber,MEDIUM,atlas,potential,,research/brennkurven/chapter4/Al1Co1Fe2O12Pr4_brennkurve.png,true
kiln,kiln,63,Al3Fe1O24Sm4W4,rare_earth_oxide,rare-earth-ceramic,amber-brown,high-fire,950,351.2,35.12,100,7.209,2.786,0.9,clay_brick,309.1,uv_luminescent; electrochromic_tungstate,MEDIUM,atlas,potential,,research/brennkurven/chapter4/Al3Fe1O24Sm4W4_brennkurve.png,true
kiln,kiln,64,Ca12Fe8O48Si4Sn8,heavy_oxide_ceramic,thermal-mass-ceramic,amber-brown,high-fire,1325,16.1,3.22,50,44.808,0.0,0.938,clay_brick,326.1,,MEDIUM,atlas,potential,,research/brennkurven/chapter4/Ca12Fe8O48Si4Sn8_brennkurve.png,true
kiln,kiln,65,Fe2O12Sr4W1Zr1,heavy_oxide_ceramic,thermal-mass-ceramic,amber-brown,high-fire,1100,119.3,23.86,300,58.517,2.072,0.938,clay_brick,326.1,electrochromic_tungstate; magnetic_ferrite; visible_absorber,MEDIUM,atlas,potential,,research/brennkurven/chapter4/Fe2O12Sr4W1Zr1_brennkurve.png,true
kiln,kiln,66,O12Pr5W1Zr1,heavy_oxide_ceramic,thermal-mass-ceramic,neutral,high-fire,1100,376.1,75.22,300,65.229,2.541,0.938,clay_brick,326.1,uv_luminescent; electrochromic_tungstate,MEDIUM,atlas,potential,,research/brennkurven/chapter4/O12Pr5W1Zr1_brennkurve.png,true
kiln,kiln,67,Fe8Li2O16Sn2,iron_oxide_ceramic,structural-ceramic,amber-brown,high-fire,1200,17.4,17.4,100,50.307,1.603,0.787,clay_brick,258.0,visible_absorber,HIGH,atlas,potential,,research/brennkurven/chapter4/Fe8Li2O16Sn2_brennkurve.png,true
kiln,kiln,68,Er2Li2Mn2O12W2,rare_earth_oxide,rare-earth-ceramic,purple-brown,high-fire,950,869.2,86.92,100,71.214,2.684,0.9,clay_brick,309.1,uv_luminescent; electrochromic_tungstate,MEDIUM,atlas,potential,,research/brennkurven/chapter4/Er2Li2Mn2O12W2_brennkurve.png,true
kiln,kiln,69,Er2Fe2O12Te2,rare_earth_oxide,rare-earth-ceramic,amber-brown,high-fire,1300,771.8,77.18,100,65.399,2.498,0.9,clay_brick,309.1,uv_luminescent; visible_absorber,MEDIUM,atlas,potential,,research/brennkurven/chapter4/Er2Fe2O12Te2_brennkurve.png,true
kiln,kiln,70,Fe4O20Pr4Ti4,rare_earth_oxide,rare-earth-ceramic,amber-brown,high-fire,1350,215.3,21.53,100,53.674,2.282,0.9,clay_brick,309.1,uv_luminescent; visible_absorber,MEDIUM,atlas,potential,,research/brennkurven/chapter4/Fe4O20Pr4Ti4_brennkurve.png,false
kiln,kiln,71,Fe4O8Sb1V1,iron_oxide_ceramic,structural-ceramic,amber-brown,high-fire,1200,26.6,26.65,100,51.165,0.96,0.787,clay_brick,258.0,thermochromic_VO2,HIGH,atlas,potential,,research/brennkurven/chapter4/Fe4O8Sb1V1_brennkurve.png,true
kiln,kiln,72,Fe5O24P6Sr2W1,heavy_oxide_ceramic,thermal-mass-ceramic,amber-brown,high-fire,1100,106.5,21.29,100,40.845,2.693,0.938,clay_brick,326.1,electrochromic_tungstate; magnetic_ferrite,MEDIUM,atlas,potential,,research/brennkurven/chapter4/Fe5O24P6Sr2W1_brennkurve.png,true
kiln,kiln,73,B4Cr2Fe10O20,iron_oxide_ceramic,structural-ceramic,green,high-fire,950,7.4,7.38,100,45.693,1.369,0.787,clay_brick,258.0,visible_absorber,HIGH,atlas,potential,,research/brennkurven/chapter4/B4Cr2Fe10O20_brennkurve.png,true
kiln,kiln,74,Bi1Nd1O12Sr5W1,rare_earth_oxide,rare-earth-ceramic,yellow-photochromic,high-fire,900,128.5,12.85,100,56.863,1.837,0.9,clay_brick,309.1,photochromic; visible_absorber,MEDIUM,atlas,potential,,research/brennkurven/chapter4/Bi1Nd1O12Sr5W1_brennkurve.png,true
kiln,kiln,75,Bi1O12Pr1Sr5W1,rare_earth_oxide,rare-earth-ceramic,yellow-photochromic,high-fire,900,158.1,15.81,100,56.468,1.833,0.9,clay_brick,309.1,photochromic; visible_absorber,MEDIUM,atlas,potential,,research/brennkurven/chapter4/Bi1O12Pr1Sr5W1_brennkurve.png,true
kiln,kiln,76,Al4Bi4O24Te3W1,heavy_oxide_ceramic,thermal-mass-ceramic,yellow-photochromic,high-fire,850,75.2,15.04,100,68.276,2.407,0.938,clay_brick,326.1,photochromic; electrochromic_tungstate; visible_absorber,MEDIUM,atlas,potential,,research/brennkurven/chapter4/Al4Bi4O24Te3W1_brennkurve.png,true
kiln,kiln,77,Er1O12W1Y5,rare_earth_oxide,rare-earth-ceramic,neutral,high-fire,950,460.4,46.04,100,62.178,3.435,0.9,clay_brick,309.1,uv_luminescent; electrochromic_tungstate,MEDIUM,atlas,potential,,research/brennkurven/chapter4/Er1O12W1Y5_brennkurve.png,true
kiln,kiln,78,B4Fe8Mo4O20,iron_oxide_ceramic,structural-ceramic,amber-brown,high-fire,950,75.6,75.64,100,49.307,2.583,0.787,clay_brick,258.0,,HIGH,atlas,potential,,research/brennkurven/chapter4/B4Fe8Mo4O20_brennkurve.png,true
kiln,kiln,79,Fe4Mn2O16P4,iron_oxide_ceramic,structural-ceramic,purple-brown,high-fire,1000,28.7,28.66,100,33.412,3.114,0.787,clay_brick,258.0,,HIGH,atlas,potential,,research/brennkurven/chapter4/Fe4Mn2O16P4_brennkurve.png,true
kiln,kiln,80,Ce2Fe11O15,iron_oxide_ceramic,structural-ceramic,amber-brown,high-fire,1200,10.1,10.06,100,56.639,0.001,0.787,clay_brick,258.0,,HIGH,atlas,potential,,research/brennkurven/chapter4/Ce2Fe11O15_brennkurve.png,true
kiln,kiln,81,Co4Fe6O16Sb2,iron_oxide_ceramic,structural-ceramic,blue,high-fire,1200,65.1,65.13,100,0.535,inf,0.787,clay_brick,258.0,,HIGH,atlas,potential,,research/brennkurven/chapter4/Co4Fe6O16Sb2_brennkurve.png,true
kiln,kiln,82,Fe6Mn2Na6O16,iron_oxide_ceramic,structural-ceramic,purple-brown,high-fire,1000,3.3,3.32,100,40.347,1.568,0.787,clay_brick,258.0,visible_absorber,HIGH,atlas,potential,,research/brennkurven/chapter4/Fe6Mn2Na6O16_brennkurve.png,true
kiln,kiln,83,Fe3Li7O12Ti2,iron_oxide_ceramic,structural-ceramic,amber-brown,high-fire,950,51.9,51.91,100,37.744,1.902,0.787,clay_brick,258.0,visible_absorber,HIGH,atlas,potential,,research/brennkurven/chapter4/Fe3Li7O12Ti2_brennkurve.png,true
kiln,kiln,84,Ca4O12Sm2V2,rare_earth_oxide,rare-earth-ceramic,grey-blue,high-fire,1100,210.0,21.0,100,0.425,2.435,0.9,clay_brick,309.1,uv_luminescent; visible_absorber,MEDIUM,atlas,potential,,research/brennkurven/chapter4/Ca4O12Sm2V2_brennkurve.png,true
kiln,kiln,85,Fe2Mn2O16Sm2Sr6,rare_earth_oxide,rare-earth-ceramic,purple-brown,high-fire,1300,121.3,12.13,100,57.692,1.821,0.9,clay_brick,309.1,magnetic_ferrite; visible_absorber,MEDIUM,atlas,potential,,research/brennkurven/chapter4/Fe2Mn2O16Sm2Sr6_brennkurve.png,true
kiln,kiln,86,Bi7O24Sm1Ti6,rare_earth_oxide,rare-earth-ceramic,neutral,high-fire,975,69.3,6.93,100,7.533,2.307,0.9,clay_brick,309.1,uv_luminescent; visible_absorber,MEDIUM,atlas,potential,,research/brennkurven/chapter4/Bi7O24Sm1Ti6_brennkurve.png,true
kiln,kiln,87,Bi6O14Sb1W1,heavy_oxide_ceramic,thermal-mass-ceramic,yellow-photochromic,high-fire,850,93.7,18.73,100,87.432,1.944,0.938,clay_brick,326.1,photochromic; visible_absorber,MEDIUM,atlas,potential,,research/brennkurven/chapter4/Bi6O14Sb1W1_brennkurve.png,true
kiln,kiln,88,B4Fe10O20V2,iron_oxide_ceramic,structural-ceramic,amber-brown,high-fire,950,21.4,21.45,100,45.359,0.0,0.787,clay_brick,258.0,,HIGH,atlas,potential,,research/brennkurven/chapter4/B4Fe10O20V2_brennkurve.png,true
kiln,kiln,89,K2O6W1Zr1,heavy_oxide_ceramic,thermal-mass-ceramic,neutral,high-fire,1000,226.2,45.25,300,54.473,2.154,0.938,clay_brick,326.1,electrochromic_tungstate,MEDIUM,atlas,potential,,research/brennkurven/chapter4/K2O6W1Zr1_brennkurve.png,false
kiln,kiln,90,Cr1O12Pr5W1,rare_earth_oxide,rare-earth-ceramic,green,high-fire,950,384.5,38.45,100,0.651,2.32,0.9,clay_brick,309.1,uv_luminescent; electrochromic_tungstate,MEDIUM,atlas,potential,,research/brennkurven/chapter4/Cr1O12Pr5W1_brennkurve.png,true
kiln,kiln,91,Cr3Fe1O24W4Y4,heavy_oxide_ceramic,thermal-mass-ceramic,green,high-fire,1100,231.8,46.36,100,64.799,2.219,0.938,clay_brick,326.1,electrochromic_tungstate; visible_absorber,MEDIUM,atlas,potential,,research/brennkurven/chapter4/Cr3Fe1O24W4Y4_brennkurve.png,true
kiln,kiln,92,Nd6O12V1Y1,rare_earth_oxide,rare-earth-ceramic,grey-blue,high-fire,1100,179.0,17.9,100,61.714,2.207,0.9,clay_brick,309.1,uv_luminescent; visible_absorber,MEDIUM,atlas,potential,,research/brennkurven/chapter4/Nd6O12V1Y1_brennkurve.png,true
kiln,kiln,93,B2Fe1O6W1,heavy_oxide_ceramic,thermal-mass-ceramic,amber-brown,high-fire,1100,265.3,53.06,100,57.933,3.016,0.938,clay_brick,326.1,electrochromic_tungstate,MEDIUM,atlas,potential,,research/brennkurven/chapter4/B2Fe1O6W1_brennkurve.png,true
kiln,kiln,94,Er2K10O8,rare_earth_oxide,rare-earth-ceramic,neutral,high-fire,1300,815.3,81.53,100,31.226,2.092,0.9,clay_brick,309.1,uv_luminescent,MEDIUM,atlas,potential,,research/brennkurven/chapter4/Er2K10O8_brennkurve.png,true
kiln,kiln,95,Cr2Nd2O16Sr6Ti2,perovskite_ceramic,functional-ceramic,green,extreme-fire,1275,69.0,13.81,100,55.075,2.331,0.975,clay_brick,343.2,uv_luminescent,MEDIUM,atlas,potential,,research/brennkurven/chapter4/Cr2Nd2O16Sr6Ti2_brennkurve.png,true
kiln,kiln,96,Bi2Nd2O16Te4,rare_earth_oxide,rare-earth-ceramic,neutral,high-fire,825,61.4,6.14,100,70.271,2.178,0.9,clay_brick,309.1,uv_luminescent; visible_absorber,MEDIUM,atlas,potential,,research/brennkurven/chapter4/Bi2Nd2O16Te4_brennkurve.png,true
kiln,kiln,97,Al1O24Se8V1Zr2,heavy_oxide_ceramic,thermal-mass-ceramic,grey-blue,high-fire,1250,44.1,8.82,300,36.061,1.56,0.938,clay_brick,326.1,visible_absorber,MEDIUM,atlas,potential,,research/brennkurven/chapter4/Al1O24Se8V1Zr2_brennkurve.png,true
kiln,kiln,98,O14Pr4W4,rare_earth_oxide,rare-earth-ceramic,neutral,high-fire,950,422.4,42.24,100,81.897,2.432,0.9,clay_brick,309.1,uv_luminescent; electrochromic_tungstate,MEDIUM,atlas,potential,,research/brennkurven/chapter4/O14Pr4W4_brennkurve.png,true
kiln,kiln,99,Gd7O12V1,rare_earth_oxide,rare-earth-ceramic,grey-blue,high-fire,1100,478.8,47.88,100,73.244,2.143,0.9,clay_brick,309.1,uv_luminescent; visible_absorber,MEDIUM,atlas,potential,,research/brennkurven/chapter4/Gd7O12V1_brennkurve.png,true
kiln,kiln,100,Li12O48Pr12Te5W3,rare_earth_oxide,rare-earth-ceramic,neutral,high-fire,950,303.9,30.39,100,59.965,3.212,0.9,clay_brick,309.1,uv_luminescent; electrochromic_tungstate,MEDIUM,atlas,potential,,research/brennkurven/chapter4/Li12O48Pr12Te5W3_brennkurve.png,true
kiln,kiln,101,Fe6Li2Mg2O16Sn2,iron_oxide_ceramic,structural-ceramic,amber-brown,high-fire,1200,28.0,28.04,100,47.665,2.06,0.787,clay_brick,258.0,visible_absorber,MEDIUM,atlas,potential,,research/brennkurven/chapter4/Fe6Li2Mg2O16Sn2_brennkurve.png,true
kiln,kiln,102,Fe4Mo5O30Sr10Ti1,perovskite_ceramic,functional-ceramic,amber-brown,extreme-fire,1375,64.0,12.79,100,54.556,inf,0.975,clay_brick,343.2,ferroelectric,MEDIUM,atlas,potential,,research/brennkurven/chapter4/Fe4Mo5O30Sr10Ti1_brennkurve.png,true
kiln,kiln,103,Bi4La3Li12Nd5O48W8,rare_earth_oxide,rare-earth-ceramic,yellow-photochromic,high-fire,900,237.8,23.78,100,6.955,0.0,0.9,clay_brick,309.1,photochromic,MEDIUM,atlas,potential,,research/brennkurven/chapter4/Bi4La3Li12Nd5O48W8_brennkurve.png,true
kiln,kiln,104,Gd6O14W2,rare_earth_oxide,rare-earth-ceramic,neutral,high-fire,950,474.8,47.48,100,8.266,2.282,0.9,clay_brick,309.1,uv_luminescent; electrochromic_tungstate,MEDIUM,atlas,potential,,research/brennkurven/chapter4/Gd6O14W2_brennkurve.png,true
kiln,kiln,105,O2Pr1Sm5Sn6Zr4,heavy_oxide_ceramic,thermal-mass-ceramic,neutral,high-fire,1200,236.5,47.3,300,78.619,inf,0.938,clay_brick,326.1,uv_luminescent,MEDIUM,atlas,potential,,research/brennkurven/chapter4/O2Pr1Sm5Sn6Zr4_brennkurve.png,true
kiln,kiln,106,Fe2O12Sr4Ti1W1,perovskite_ceramic,functional-ceramic,amber-brown,extreme-fire,1350,117.5,23.51,100,58.369,1.817,0.975,clay_brick,343.2,visible_absorber,MEDIUM,atlas,potential,,research/brennkurven/chapter4/Fe2O12Sr4Ti1W1_brennkurve.png,true
kiln,kiln,107,Cr1O8Sr4Ti1,perovskite_ceramic,functional-ceramic,green,extreme-fire,1275,21.7,4.34,100,49.919,inf,0.975,clay_brick,343.2,ferroelectric,MEDIUM,atlas,potential,,research/brennkurven/chapter4/Cr1O8Sr4Ti1_brennkurve.png,true
kiln,kiln,108,Ca2La1Nd1O12V4,rare_earth_oxide,rare-earth-ceramic,grey-blue,high-fire,1100,103.6,10.36,100,52.906,0.805,0.9,clay_brick,309.1,thermochromic_VO2,MEDIUM,atlas,potential,,research/brennkurven/chapter4/Ca2La1Nd1O12V4_brennkurve.png,true
kiln,kiln,109,B6O18Sr6Tm1V1,rare_earth_oxide,rare-earth-ceramic,grey-blue,high-fire,1000,377.0,37.7,100,44.432,2.194,0.9,clay_brick,309.1,uv_luminescent; visible_absorber,MEDIUM,atlas,potential,,research/brennkurven/chapter4/B6O18Sr6Tm1V1_brennkurve.png,true
kiln,kiln,110,Ca2Nb2O42P12W2,heavy_oxide_ceramic,thermal-mass-ceramic,neutral,high-fire,1100,175.8,35.16,100,30.676,2.219,0.938,clay_brick,326.1,electrochromic_tungstate,MEDIUM,atlas,potential,,research/brennkurven/chapter4/Ca2Nb2O42P12W2_brennkurve.png,true
kiln,kiln,111,Eu4O16Si4V4,rare_earth_oxide,rare-earth-ceramic,grey-blue,high-fire,1100,926.9,92.69,100,49.913,0.02,0.9,clay_brick,309.1,thermochromic_VO2,MEDIUM,atlas,potential,,research/brennkurven/chapter4/Eu4O16Si4V4_brennkurve.png,true
kiln,kiln,112,K12O18W4,heavy_oxide_ceramic,thermal-mass-ceramic,neutral,high-fire,1000,254.7,50.94,100,37.489,2.882,0.938,clay_brick,326.1,electrochromic_tungstate,MEDIUM,atlas,potential,,research/brennkurven/chapter4/K12O18W4_brennkurve.png,true
kiln,kiln,113,Cr2La2O12Te1W1,heavy_oxide_ceramic,thermal-mass-ceramic,green,high-fire,1100,127.5,25.5,100,5.936,2.787,0.938,clay_brick,326.1,electrochromic_tungstate,MEDIUM,atlas,potential,,research/brennkurven/chapter4/Cr2La2O12Te1W1_brennkurve.png,true
kiln,kiln,114,Mn2O2Pr8S12,rare_earth_oxide,rare-earth-ceramic,purple-brown,high-fire,1000,331.3,33.13,100,52.113,2.346,0.9,clay_brick,309.1,uv_luminescent,MEDIUM,atlas,potential,,research/brennkurven/chapter4/Mn2O2Pr8S12_brennkurve.png,true
kiln,kiln,115,Bi4O26W8,heavy_oxide_ceramic,thermal-mass-ceramic,yellow-photochromic,high-fire,1100,289.5,57.9,100,77.001,0.0,0.938,clay_brick,326.1,photochromic,MEDIUM,atlas,potential,,research/brennkurven/chapter4/Bi4O26W8_brennkurve.png,true
kiln,kiln,116,O6Sr1Ti1W1,heavy_oxide_ceramic,thermal-mass-ceramic,neutral,high-fire,1100,231.8,46.36,100,53.825,3.45,0.938,clay_brick,326.1,electrochromic_tungstate,MEDIUM,atlas,potential,,research/brennkurven/chapter4/O6Sr1Ti1W1_brennkurve.png,true
kiln,kiln,117,Mg1O12Pr4V3,rare_earth_oxide,rare-earth-ceramic,grey-blue,high-fire,1100,325.7,32.57,100,62.593,0.916,0.9,clay_brick,309.1,thermochromic_VO2,MEDIUM,atlas,potential,,research/brennkurven/chapter4/Mg1O12Pr4V3_brennkurve.png,true
kiln,kiln,118,La1Mn2O14W3Y2,heavy_oxide_ceramic,thermal-mass-ceramic,purple-brown,high-fire,1100,246.7,49.34,100,69.536,2.014,0.938,clay_brick,326.1,electrochromic_tungstate,MEDIUM,atlas,potential,,research/brennkurven/chapter4/La1Mn2O14W3Y2_brennkurve.png,true
kiln,kiln,119,B4Fe8O28P4Sr4,iron_oxide_ceramic,structural-ceramic,amber-brown,high-fire,950,22.8,22.8,100,39.992,0.0,0.787,clay_brick,258.0,magnetic_ferrite,MEDIUM,atlas,potential,,research/brennkurven/chapter4/B4Fe8O28P4Sr4_brennkurve.png,true
kiln,kiln,120,Bi3O14Tm3W2,rare_earth_oxide,rare-earth-ceramic,yellow-photochromic,high-fire,900,797.9,79.79,100,93.185,0.0,0.9,clay_brick,309.1,photochromic,MEDIUM,atlas,potential,,research/brennkurven/chapter4/Bi3O14Tm3W2_brennkurve.png,true
kiln,kiln,122,Bi1La1O12Sr5W1,heavy_oxide_ceramic,thermal-mass-ceramic,yellow-photochromic,high-fire,850,107.0,21.4,100,56.088,0.0,0.938,clay_brick,326.1,photochromic,MEDIUM,atlas,potential,,research/brennkurven/chapter4/Bi1La1O12Sr5W1_brennkurve.png,true
kiln,kiln,123,O12Sr4Ti2V2,perovskite_ceramic,functional-ceramic,grey-blue,extreme-fire,1375,40.6,8.12,100,50.389,0.86,0.975,clay_brick,343.2,thermochromic_VO2,MEDIUM,atlas,potential,,research/brennkurven/chapter4/O12Sr4Ti2V2_brennkurve.png,true
kiln,kiln,124,Nd8O24Ru3V1,rare_earth_oxide,rare-earth-ceramic,grey-blue,high-fire,1100,147.4,14.74,100,60.509,0.002,0.9,clay_brick,309.1,thermochromic_VO2,MEDIUM,atlas,potential,,research/brennkurven/chapter4/Nd8O24Ru3V1_brennkurve.png,true
kiln,kiln,125,Al2O24Se8W2,heavy_oxide_ceramic,thermal-mass-ceramic,neutral,high-fire,1250,152.1,30.41,100,4.401,2.237,0.938,clay_brick,326.1,electrochromic_tungstate,MEDIUM,atlas,potential,,research/brennkurven/chapter4/Al2O24Se8W2_brennkurve.png,true
kiln,kiln,126,O24Sb4Sn4V4,heavy_oxide_ceramic,thermal-mass-ceramic,grey-blue,high-fire,1325,46.4,9.28,100,6.028,0.861,0.938,clay_brick,326.1,thermochromic_VO2,MEDIUM,atlas,potential,,research/brennkurven/chapter4/O24Sb4Sn4V4_brennkurve.png,true
kiln,kiln,127,O14W2Y6,heavy_oxide_ceramic,thermal-mass-ceramic,neutral,high-fire,1100,182.8,36.57,100,62.454,2.432,0.938,clay_brick,326.1,electrochromic_tungstate,MEDIUM,atlas,potential,,research/brennkurven/chapter4/O14W2Y6_brennkurve.png,true
kiln,kiln,128,O20Sr10Ti1V4,perovskite_ceramic,functional-ceramic,grey-blue,extreme-fire,1375,42.2,8.45,100,49.185,0.616,0.975,clay_brick,343.2,thermochromic_VO2,MEDIUM,atlas,potential,,research/brennkurven/chapter4/O20Sr10Ti1V4_brennkurve.png,true
kiln,kiln,129,La8O24Te1W3,heavy_oxide_ceramic,thermal-mass-ceramic,neutral,high-fire,1100,158.0,31.6,100,65.378,3.345,0.938,clay_brick,326.1,electrochromic_tungstate,MEDIUM,atlas,potential,,research/brennkurven/chapter4/La8O24Te1W3_brennkurve.png,true
kiln,kiln,130,Co2Fe6O16Sb2Zn2,iron_oxide_ceramic,structural-ceramic,blue,high-fire,1200,38.2,38.2,100,0.544,1.053,0.787,clay_brick,258.0,,MEDIUM,atlas,potential,,research/brennkurven/chapter4/Co2Fe6O16Sb2Zn2_brennkurve.png,true
kiln,kiln,131,O48Sr12Te7W1Zn12,heavy_oxide_ceramic,thermal-mass-ceramic,neutral,high-fire,950,35.5,7.11,100,55.229,2.102,0.938,clay_brick,326.1,electrochromic_tungstate,MEDIUM,atlas,potential,,research/brennkurven/chapter4/O48Sr12Te7W1Zn12_brennkurve.png,true
kiln,kiln,132,Gd2Mo1O12Sr4Ti1,perovskite_ceramic,functional-ceramic,neutral,extreme-fire,1375,213.2,42.65,100,57.738,0.001,0.975,clay_brick,343.2,,MEDIUM,atlas,potential,,research/brennkurven/chapter4/Gd2Mo1O12Sr4Ti1_brennkurve.png,true
kiln,kiln,133,O12Te1V4W1,heavy_oxide_ceramic,thermal-mass-ceramic,grey-blue,high-fire,1100,182.7,36.53,100,58.086,0.86,0.938,clay_brick,326.1,thermochromic_VO2,MEDIUM,atlas,potential,,research/brennkurven/chapter4/O12Te1V4W1_brennkurve.png,true
kiln,kiln,134,Bi4O4S6Sr4,heavy_oxide_ceramic,thermal-mass-ceramic,neutral,high-fire,850,38.9,7.77,100,56.863,1.522,0.938,clay_brick,326.1,visible_absorber,MEDIUM,atlas,potential,,research/brennkurven/chapter4/Bi4O4S6Sr4_brennkurve.png,true
kiln,kiln,135,Li8O10Te1W1,heavy_oxide_ceramic,thermal-mass-ceramic,neutral,high-fire,1000,226.5,45.3,100,46.503,3.44,0.938,clay_brick,326.1,electrochromic_tungstate,MEDIUM,atlas,potential,,research/brennkurven/chapter4/Li8O10Te1W1_brennkurve.png,true
kiln,kiln,136,Mn2O2Pr8Se12,rare_earth_oxide,rare-earth-ceramic,purple-brown,high-fire,1000,268.5,26.85,100,6.264,2.016,0.9,clay_brick,309.1,uv_luminescent,MEDIUM,atlas,potential,,research/brennkurven/chapter4/Mn2O2Pr8Se12_brennkurve.png,true
extreme,extreme,1,K2O15Si6V1,alkali_silicate_glass,structural-translucent-glass,grey-blue,high-fire,1500,21.9,8.77,500,2.712,2.098,0.844,float_glass,-1.9,visible_absorber,HIGH,atlas,potential,,research/brennkurven/chapter4/K2O15Si6V1_brennkurve.png,true
extreme,extreme,2,K4O42Si16V4,alkali_silicate_glass,structural-translucent-glass,grey-blue,high-fire,1500,28.7,11.48,500,24.101,0.0,0.844,float_glass,-1.9,,HIGH,atlas,potential,,research/brennkurven/chapter4/K4O42Si16V4_brennkurve.png,true
extreme,extreme,3,La4Na4O56Si24,alkali_silicate_glass,structural-translucent-glass,clear,high-fire,1550,17.0,6.8,500,30.002,0.0,0.844,float_glass,-1.9,,HIGH,atlas,potential,,research/brennkurven/chapter4/La4Na4O56Si24_brennkurve.png,true
extreme,extreme,6,Al4Fe8Mn3Si1,metal_pm_only,sintered-metal,neutral,high-fire,1275,12.3,2.46,250,68.161,0.007,0.844,aluminum,-89.7,shape_memory_FeMnSi,MEDIUM,atlas,potential,,research/brennkurven/chapter4/Al4Fe8Mn3Si1_brennkurve.png,true
extreme,extreme,7,C2Ce2Fe2Mn2Si2,metal_pm_only,sintered-metal,neutral,high-fire,1000,31.9,6.38,250,69.467,0.002,0.844,structural_steel,-53.1,shape_memory_FeMnSi,MEDIUM,atlas,potential,,research/brennkurven/chapter4/C2Ce2Fe2Mn2Si2_brennkurve.png,true
extreme,extreme,8,Fe4Mn7Si4V1,metal_pm_only,sintered-metal,grey-blue,high-fire,1275,15.8,3.16,250,7.266,0.005,0.844,structural_steel,-53.1,shape_memory_FeMnSi,MEDIUM,atlas,potential,,research/brennkurven/chapter4/Fe4Mn7Si4V1_brennkurve.png,true
extreme,extreme,9,Ca1Cu1Zn4,metal_pm_only,sintered-metal,green-red-copper,high-fire,450,14.3,2.86,350,57.803,0.003,0.844,structural_steel,-53.1,,MEDIUM,atlas,potential,,research/brennkurven/chapter4/Ca1Cu1Zn4_brennkurve.png,true
extreme,extreme,10,Co1Fe1K2P2,metal_pm_only,sintered-metal,neutral,high-fire,1150,35.3,7.06,250,2.858,0.001,0.844,structural_steel,-53.1,zero_kiln,MEDIUM,atlas,potential,,research/brennkurven/chapter4/Co1Fe1K2P2_brennkurve.png,true
extreme,extreme,11,Fe12Mn3Ru1Si7Zr6,metal_pm_only,sintered-metal,neutral,high-fire,1275,8.3,1.66,250,72.754,0.001,0.844,structural_steel,-53.1,shape_memory_FeMnSi,MEDIUM,atlas,potential,,research/brennkurven/chapter4/Fe12Mn3Ru1Si7Zr6_brennkurve.png,true
extreme,extreme,12,Al15B6Fe1O37Si2,borosilicate_glass,structural-translucent-advanced,amber-brown,extreme-fire,1450,14.2,2.84,500,30.273,0.0,1.012,float_glass,17.7,,MEDIUM,atlas,potential,,research/brennkurven/chapter4/Al15B6Fe1O37Si2_brennkurve.png,true
extreme,extreme,13,Al8C4Co3Cu1Ti12,metal_pm_only,sintered-metal,green-red-copper,high-fire,1300,33.1,6.62,350,47.681,0.001,0.844,structural_steel,-53.1,,MEDIUM,atlas,potential,,research/brennkurven/chapter4/Al8C4Co3Cu1Ti12_brennkurve.png,true
extreme,extreme,14,C4Fe3Mn1Si8V12,metal_pm_only,sintered-metal,grey-blue,high-fire,1450,6.8,1.36,250,58.463,0.004,0.844,structural_steel,-53.1,shape_memory_FeMnSi,MEDIUM,atlas,potential,,research/brennkurven/chapter4/C4Fe3Mn1Si8V12_brennkurve.png,false
extreme,extreme,15,Er4Fe1Mn1Si4,metal_pm_only,sintered-metal,neutral,high-fire,1000,41.9,8.38,250,78.322,0.003,0.844,structural_steel,-53.1,shape_memory_FeMnSi,MEDIUM,atlas,potential,,research/brennkurven/chapter4/Er4Fe1Mn1Si4_brennkurve.png,true
extreme,extreme,16,Bi1Cu1P1Pr10Sn5,metal_pm_only,sintered-metal,green-red-copper,high-fire,1150,42.7,8.54,350,70.422,0.002,0.844,structural_steel,-53.1,zero_kiln,MEDIUM,atlas,potential,,research/brennkurven/chapter4/Bi1Cu1P1Pr10Sn5_brennkurve.png,true
extreme,extreme,17,Al12B4Mn4O36Si4,borosilicate_glass,structural-translucent-advanced,purple-brown,extreme-fire,1500,15.4,3.08,500,30.495,0.0,1.012,float_glass,17.7,,MEDIUM,atlas,potential,,research/brennkurven/chapter4/Al12B4Mn4O36Si4_brennkurve.png,true
extreme,extreme,18,Co12Fe2Mn4Si6,metal_pm_only,sintered-metal,neutral,high-fire,1275,36.6,7.33,250,74.699,0.004,0.844,structural_steel,-53.1,shape_memory_FeMnSi,MEDIUM,atlas,potential,,research/brennkurven/chapter4/Co12Fe2Mn4Si6_brennkurve.png,true
extreme,extreme,19,C6Cr22Cu1,metal_pm_only,sintered-metal,green-red-copper,high-fire,1300,46.5,9.29,350,72.437,0.002,0.844,structural_steel,-53.1,,MEDIUM,atlas,potential,,research/brennkurven/chapter4/C6Cr22Cu1_brennkurve.png,true
extreme,extreme,20,Co3Cu1Si1Sn1Y12,metal_pm_only,sintered-metal,green-red-copper,high-fire,1000,46.9,9.38,350,5.306,0.001,0.844,structural_steel,-53.1,zero_kiln,MEDIUM,atlas,potential,,research/brennkurven/chapter4/Co3Cu1Si1Sn1Y12_brennkurve.png,true
extreme,extreme,21,Al6Fe2Si3Sr1,metal_pm_only,sintered-metal,neutral,high-fire,600,14.5,2.9,250,37.088,0.004,0.844,aluminum,-89.7,,MEDIUM,atlas,potential,,research/brennkurven/chapter4/Al6Fe2Si3Sr1_brennkurve.png,true
extreme,extreme,22,Bi5Cu1Nd10P1Sn1,metal_pm_only,sintered-metal,green-red-copper,high-fire,1150,41.0,8.21,350,8.474,0.001,0.844,structural_steel,-53.1,zero_kiln,MEDIUM,atlas,potential,,research/brennkurven/chapter4/Bi5Cu1Nd10P1Sn1_brennkurve.png,true
extreme,extreme,23,Cu2Li14Sn8Sr6,metal_pm_only,sintered-metal,green-red-copper,high-fire,950,54.8,10.95,350,40.384,0.013,0.844,structural_steel,-53.1,zero_kiln,MEDIUM,atlas,potential,,research/brennkurven/chapter4/Cu2Li14Sn8Sr6_brennkurve.png,true
extreme,extreme,24,Bi6Ce10Cu1Si1,metal_pm_only,sintered-metal,green-red-copper,high-fire,1000,40.1,8.02,350,87.191,0.0,0.844,structural_steel,-53.1,,MEDIUM,atlas,potential,,research/brennkurven/chapter4/Bi6Ce10Cu1Si1_brennkurve.png,true
extreme,extreme,25,Cu4La11Si6,metal_pm_only,sintered-metal,green-red-copper,high-fire,1000,44.8,8.96,350,5.904,0.002,0.844,structural_steel,-53.1,,MEDIUM,atlas,potential,,research/brennkurven/chapter4/Cu4La11Si6_brennkurve.png,true
extreme,extreme,26,Fe1Mn3P2Si2Zr4,metal_pm_only,sintered-metal,neutral,high-fire,1150,12.7,2.54,250,64.358,0.004,0.844,structural_steel,-53.1,shape_memory_FeMnSi,MEDIUM,atlas,potential,,research/brennkurven/chapter4/Fe1Mn3P2Si2Zr4_brennkurve.png,true
extreme,extreme,27,Er6Fe1Mn2Ru1Si6,metal_pm_only,sintered-metal,neutral,high-fire,1000,39.1,7.83,250,80.219,0.001,0.844,structural_steel,-53.1,shape_memory_FeMnSi,MEDIUM,atlas,potential,,research/brennkurven/chapter4/Er6Fe1Mn2Ru1Si6_brennkurve.png,true
extreme,extreme,28,Co1Cu3Er4Mg2,metal_pm_only,sintered-metal,green-red-copper,high-fire,1000,44.0,8.81,350,0.781,0.01,0.844,structural_steel,-53.1,,MEDIUM,atlas,potential,,research/brennkurven/chapter4/Co1Cu3Er4Mg2_brennkurve.png,true
extreme,extreme,29,Fe1Mn5Nb4Si2,metal_pm_only,sintered-metal,neutral,high-fire,1450,9.4,1.89,250,77.498,0.004,0.844,structural_steel,-53.1,shape_memory_FeMnSi,MEDIUM,atlas,potential,,research/brennkurven/chapter4/Fe1Mn5Nb4Si2_brennkurve.png,true
extreme,extreme,30,Cu4P8Zr18,metal_pm_only,sintered-metal,green-red-copper,high-fire,1150,10.9,2.19,350,65.429,0.003,0.844,structural_steel,-53.1,,MEDIUM,atlas,potential,,research/brennkurven/chapter4/Cu4P8Zr18_brennkurve.png,true
extreme,extreme,31,Fe3Mn1Ru8Si4,metal_pm_only,sintered-metal,neutral,high-fire,1450,4.5,0.89,250,91.668,0.004,0.844,structural_steel,-53.1,shape_memory_FeMnSi,MEDIUM,atlas,potential,,research/brennkurven/chapter4/Fe3Mn1Ru8Si4_brennkurve.png,true
extreme,extreme,32,B28Cu2Er8,metal_pm_only,sintered-metal,green-red-copper,high-fire,1450,57.1,11.42,350,7.562,0.011,0.844,structural_steel,-53.1,,MEDIUM,atlas,potential,,research/brennkurven/chapter4/B28Cu2Er8_brennkurve.png,true
extreme,extreme,33,B3Gd1O15Pr2Si3,borosilicate_glass,structural-translucent-advanced,neutral,extreme-fire,1500,288.5,57.7,500,48.338,2.656,1.012,float_glass,17.7,uv_luminescent,MEDIUM,atlas,potential,,research/brennkurven/chapter4/B3Gd1O15Pr2Si3_brennkurve.png,true
extreme,extreme,34,B6La3O30Pr3Si6,borosilicate_glass,structural-translucent-advanced,neutral,extreme-fire,1500,150.7,30.14,500,46.265,4.194,1.012,float_glass,17.7,uv_luminescent,MEDIUM,atlas,potential,,research/brennkurven/chapter4/B6La3O30Pr3Si6_brennkurve.png,true
extreme,extreme,35,B3La1O15Pr2Si3,borosilicate_glass,structural-translucent-advanced,neutral,extreme-fire,1500,189.1,37.81,500,46.607,4.253,1.012,float_glass,17.7,uv_luminescent,MEDIUM,atlas,potential,,research/brennkurven/chapter4/B3La1O15Pr2Si3_brennkurve.png,true
extreme,extreme,36,Al8Ca12O48Si4Ti8,calcium_silicate,cement-alternative,white-grey,high-fire,1425,9.6,9.6,200,35.172,0.0,0.675,portland_cement,-18.7,,MEDIUM,atlas,potential,,research/brennkurven/chapter4/Al8Ca12O48Si4Ti8_brennkurve.png,true
extreme,extreme,37,C2Fe3Mn1Si2Y2,metal_pm_only,sintered-metal,neutral,high-fire,1275,26.9,5.37,50,59.514,0.0,0.844,structural_steel,-53.1,shape_memory_FeMnSi,MEDIUM,atlas,potential,,research/brennkurven/chapter4/C2Fe3Mn1Si2Y2_brennkurve.png,true
extreme,extreme,38,Cu1Mn2Ru1Sb12Sr1,metal_pm_only,sintered-metal,green-red-copper,high-fire,700,3.5,0.71,350,72.965,0.001,0.844,structural_steel,-53.1,,MEDIUM,atlas,potential,,research/brennkurven/chapter4/Cu1Mn2Ru1Sb12Sr1_brennkurve.png,true
extreme,extreme,39,Cu3Te19,metal_pm_only,sintered-metal,green-red-copper,high-fire,500,2.2,0.44,350,59.001,0.005,0.844,structural_steel,-53.1,zero_kiln,MEDIUM,atlas,potential,,research/brennkurven/chapter4/Cu3Te19_brennkurve.png,true
extreme,extreme,40,Al12Fe1Mn2Ru1Si8,metal_pm_only,sintered-metal,neutral,high-fire,600,12.1,2.42,50,37.795,0.0,0.844,aluminum,-89.7,shape_memory_FeMnSi,MEDIUM,atlas,potential,,research/brennkurven/chapter4/Al12Fe1Mn2Ru1Si8_brennkurve.png,true
extreme,extreme,41,Fe1Mn11Si16Zr8,metal_pm_only,sintered-metal,neutral,high-fire,1300,11.8,2.35,50,60.789,inf,0.844,structural_steel,-53.1,shape_memory_FeMnSi,MEDIUM,atlas,potential,,research/brennkurven/chapter4/Fe1Mn11Si16Zr8_brennkurve.png,true
extreme,extreme,42,Cu1Nb9Se16,metal_pm_only,sintered-metal,green-red-copper,high-fire,1450,0.9,0.18,350,64.693,0.005,0.844,structural_steel,-53.1,,MEDIUM,atlas,potential,,research/brennkurven/chapter4/Cu1Nb9Se16_brennkurve.png,true
extreme,extreme,43,B6Ce4Fe1Mn1Si1,metal_pm_only,sintered-metal,neutral,high-fire,1450,48.1,9.62,50,73.273,0.0,0.844,structural_steel,-53.1,shape_memory_FeMnSi,MEDIUM,atlas,potential,,research/brennkurven/chapter4/B6Ce4Fe1Mn1Si1_brennkurve.png,true
extreme,extreme,44,Er2Gd2Li4O16Si4,rare_earth_oxide,rare-earth-ceramic,neutral,high-fire,1500,845.7,84.57,500,50.642,3.588,0.9,clay_brick,309.1,uv_luminescent,MEDIUM,atlas,potential,,research/brennkurven/chapter4/Er2Gd2Li4O16Si4_brennkurve.png,true
extreme,extreme,45,Ca2O26Pr2Si6Y6,rare_earth_oxide,rare-earth-ceramic,neutral,high-fire,1500,106.7,10.67,50,45.582,4.744,0.9,clay_brick,309.1,uv_luminescent,MEDIUM,atlas,potential,,research/brennkurven/chapter4/Ca2O26Pr2Si6Y6_brennkurve.png,true
extreme,extreme,46,Li4O16Si4Sm2Y2,rare_earth_oxide,rare-earth-ceramic,neutral,high-fire,1500,183.4,18.34,500,41.544,5.029,0.9,clay_brick,309.1,uv_luminescent,MEDIUM,atlas,potential,,research/brennkurven/chapter4/Li4O16Si4Sm2Y2_brennkurve.png,true
extreme,extreme,47,O24P6W1Zr3,heavy_oxide_ceramic,thermal-mass-ceramic,neutral,high-fire,1450,139.0,27.8,300,32.433,2.818,0.938,clay_brick,326.1,electrochromic_tungstate,MEDIUM,atlas,potential,,research/brennkurven/chapter4/O24P6W1Zr3_brennkurve.png,false
extreme,extreme,48,Gd4O12Zr3,heavy_oxide_ceramic,thermal-mass-ceramic,neutral,high-fire,1525,351.5,70.3,300,68.351,3.343,0.938,clay_brick,326.1,uv_luminescent,MEDIUM,atlas,potential,,research/brennkurven/chapter4/Gd4O12Zr3_brennkurve.png,true
extreme,extreme,49,Ca1Er2La7O3Si8,rare_earth_oxide,rare-earth-ceramic,neutral,high-fire,1500,461.0,46.1,50,59.063,0.005,0.9,clay_brick,309.1,,MEDIUM,atlas,potential,,research/brennkurven/chapter4/Ca1Er2La7O3Si8_brennkurve.png,true
extreme,extreme,50,Al8Ca8O36Sn4Zr4,heavy_oxide_ceramic,thermal-mass-ceramic,neutral,high-fire,1450,28.4,5.68,300,41.934,3.131,0.938,clay_brick,326.1,,MEDIUM,atlas,potential,,research/brennkurven/chapter4/Al8Ca8O36Sn4Zr4_brennkurve.png,true
extreme,extreme,51,Al1O1Si5Zr10,heavy_oxide_ceramic,thermal-mass-ceramic,neutral,high-fire,1450,69.0,13.8,200,58.275,0.011,0.938,clay_brick,326.1,,MEDIUM,atlas,potential,,research/brennkurven/chapter4/Al1O1Si5Zr10_brennkurve.png,true
